gene,gene_symbol,log2fc,fdr,direction,rank
ENSG00000168079.17,SCARA5,-6.414993073804878,5.500876407600858e-89,down,1
ENSG00000141338.14,ABCA8,-6.2075441773102025,8.244730016618105e-90,down,2
ENSG00000196616.14,ADH1B,-7.004781476006076,1.385170905942515e-77,down,3
ENSG00000182271.13,TMIGD1,-9.161608718193794,9.660681321421681e-58,down,4
ENSG00000251026.2,NIHCOLE,4.1602308694763845,3.484075931818724e-123,up,5
ENSG00000230316.7,FEZF1-AS1,5.275301091495937,4.864187660436191e-95,up,6
ENSG00000100604.13,CHGA,-7.710143803462136,8.040086919888378e-62,down,7
ENSG00000079689.14,SCGN,-6.483997195229485,9.346404274896181e-72,down,8
ENSG00000174992.8,ZG16,-8.380504405847974,2.1735070660897346e-55,down,9
ENSG00000171714.12,ANO5,-4.910122203227474,1.0138169143492165e-93,down,10
ENSG00000214039.9,LINC02418,6.485586871976716,2.0501509311233133e-69,up,11
ENSG00000104435.14,STMN2,-5.051621054086159,6.228145664523183e-88,down,12
ENSG00000180875.5,GREM2,-5.516496782415918,6.670514909762032e-77,down,13
ENSG00000167755.15,KLK6,6.358654441117506,1.6628026969889387e-65,up,14
ENSG00000183034.13,OTOP2,-10.1283980665044,7.695074310737895e-41,down,15
ENSG00000231172.2,EVA1A-AS,3.599484600635492,1.2924435588204132e-111,up,16
ENSG00000065325.13,GLP2R,-4.9579132735451,3.616307477173895e-81,down,17
ENSG00000152785.8,BMP3,-7.206273050952322,1.3191507223133702e-52,down,18
ENSG00000162706.13,CADM3,-6.1005945900282414,1.01922533884582e-60,down,19
ENSG00000091138.13,SLC26A3,-7.213795549096897,2.364948823352513e-51,down,20
ENSG00000168748.14,CA7,-7.523562681709593,6.37568284812011e-49,down,21
ENSG00000128610.12,FEZF1,4.084530435393389,2.3483825010404994e-89,up,22
ENSG00000016490.16,CLCA1,-6.6877944707964065,7.638991565097187e-55,down,23
ENSG00000167434.10,CA4,-8.007421489962303,1.5512901650952998e-44,down,24
ENSG00000044012.4,GUCA2B,-8.776210111853416,1.9978019396649104e-40,down,25
ENSG00000159263.16,SIM2,6.541184562535815,1.32625033260101e-52,up,26
ENSG00000133742.14,CA1,-9.916483372030434,6.679204296641797e-35,down,27
ENSG00000185269.12,NOTUM,5.948657587921748,1.103448782702951e-57,up,28
ENSG00000080493.18,SLC4A4,-6.395947288407063,3.485925523961335e-53,down,29
ENSG00000131096.10,PYY,-8.22180606078264,2.761729967594023e-41,down,30
ENSG00000016602.9,CLCA4,-8.660887735678887,1.5998877181485413e-38,down,31
ENSG00000174015.10,CBY2,3.659146053118773,3.6301836493483684e-90,up,32
ENSG00000197273.4,GUCA2A,-7.268476045631756,2.6789543868235233e-45,down,33
ENSG00000261650.1,,3.2052322617436175,3.773476737431211e-101,up,34
ENSG00000169432.18,SCN9A,-4.694716131293689,1.6426532226910887e-68,down,35
ENSG00000248144.6,ADH1C,-6.035298796819298,2.616311241112977e-53,down,36
ENSG00000166292.12,TMEM100,-4.9865794146350915,1.0538081140898547e-63,down,37
ENSG00000175497.17,DPP10,-4.735569153738184,9.831708154956338e-66,down,38
ENSG00000106809.11,OGN,-6.050679965845523,2.541846739041963e-51,down,39
ENSG00000170419.11,VSTM2A,-6.3631549322880865,9.350570926312219e-49,down,40
ENSG00000232679.2,LINC02257,3.4294236762888324,1.2074488203657156e-89,up,41
ENSG00000030304.14,MUSK,-5.039757085207549,1.5132095120974117e-60,down,42
ENSG00000100448.4,CTSG,-5.10719736067694,1.1939698182390296e-59,down,43
ENSG00000104332.12,SFRP1,-6.242386564362628,2.8860880110675373e-48,down,44
ENSG00000170381.14,SEMA3E,-5.511910739901222,2.3032693910736308e-54,down,45
ENSG00000269404.7,SPIB,-6.1266709446996,2.5136774575574576e-48,down,46
ENSG00000123500.10,COL10A1,5.774098588744417,5.859076173036316e-51,up,47
ENSG00000169035.12,KLK7,4.461566537038236,1.6628026969889387e-65,up,48
ENSG00000164530.15,PI16,-6.439001503313693,4.603232636362654e-45,down,49
ENSG00000165072.10,MAMDC2,-6.019968838594303,1.650553186200705e-47,down,50
ENSG00000186462.9,NAP1L2,-4.614438788286532,2.000958264812274e-61,down,51
ENSG00000111846.19,GCNT2,-4.825142857526574,7.702358835894072e-58,down,52
ENSG00000135220.11,UGT2A3,-5.664968827443883,1.6481749863595675e-48,down,53
ENSG00000198121.13,LPAR1,-3.0236323582025344,1.1449176452003423e-89,down,54
ENSG00000123560.14,PLP1,-6.690015051352833,1.1759646113525272e-40,down,55
ENSG00000166869.3,CHP2,-5.881969945446937,1.308167920707452e-45,down,56
ENSG00000115263.15,GCG,-7.63081211828392,4.0791914138582114e-35,down,57
ENSG00000142959.5,BEST4,-6.911980518025474,1.1459801542544651e-38,down,58
ENSG00000226320.6,LINC01811,4.443747474444835,1.9109316101109072e-59,up,59
ENSG00000113805.8,CNTN3,-4.323208628621896,4.6915286956209696e-61,down,60
ENSG00000172987.13,HPSE2,-4.390729672786371,4.939628100266751e-60,down,61
ENSG00000147724.12,FAM135B,-5.281103715529131,1.0347460782306454e-49,down,62
ENSG00000104112.9,SCG3,-4.4134785175453555,9.971574293966581e-59,down,63
ENSG00000166206.15,GABRB3,-3.745785382598487,2.6962216568028147e-68,down,64
ENSG00000146469.13,VIP,-5.158328018533192,1.6726426761099621e-49,down,65
ENSG00000244355.7,LY6G6D,3.2495756382087344,1.1176763907162408e-77,up,66
ENSG00000129455.15,KLK8,3.214035271196171,4.3007816978476944e-78,up,67
ENSG00000108381.11,ASPA,-4.751327492580321,2.1466647440974493e-52,down,68
ENSG00000153993.13,SEMA3D,-4.00929133390653,2.0803994891318946e-61,down,69
ENSG00000164270.18,HTR4,-4.590605883629436,1.6276207721092458e-53,down,70
ENSG00000167080.9,B4GALNT2,-7.091103671988503,1.1700294547391527e-34,down,71
ENSG00000153446.16,C16orf89,-4.917443133896226,1.992013098031976e-49,down,72
ENSG00000060718.22,COL11A1,5.012438562325245,4.2445997384144436e-48,up,73
ENSG00000071203.9,MS4A12,-8.187146507108546,1.1701600676546828e-29,down,74
ENSG00000265519.1,,-2.888351424325637,1.3313596786186898e-82,down,75
ENSG00000175785.13,PRIMA1,-6.218168505725986,1.2322629786204392e-38,down,76
ENSG00000108231.14,LGI1,-5.4891071112472245,1.2007571338413392e-43,down,77
ENSG00000168546.11,GFRA2,-4.664379774011747,4.645752007425942e-51,down,78
ENSG00000276122.1,,3.1437888438526143,3.4786677239230654e-75,up,79
ENSG00000108244.17,KRT23,4.895007286612257,1.5593463901294766e-48,up,80
ENSG00000179915.24,NRXN1,-6.016188669417665,2.0868117019244673e-39,down,81
ENSG00000104059.4,ENTREP2,-4.09873073740588,1.8631608912532247e-57,down,82
ENSG00000164379.7,FOXQ1,5.403351448102299,1.4069926056529255e-43,up,83
ENSG00000198597.9,ZNF536,-4.169426295431835,7.655766357022751e-56,down,84
ENSG00000198488.10,B3GNT6,-4.9734266812218815,8.10194340735721e-47,down,85
ENSG00000169862.19,CTNND2,-4.416870670642953,1.4948133996179803e-52,down,86
ENSG00000103375.11,AQP8,-9.333095971519892,6.163110228952845e-25,down,87
ENSG00000162670.11,BRINP3,-6.351259019138052,2.9314318704004337e-36,down,88
ENSG00000064205.10,CCN5,-5.4505545949612575,5.019756019292307e-42,down,89
ENSG00000211890.4,IGHA2,-6.183316949103888,4.575247246324237e-37,down,90
ENSG00000156284.6,CLDN8,-8.08388023776665,1.835983246691252e-28,down,91
ENSG00000125851.10,PCSK2,-6.2982716563582875,2.746049154611348e-36,down,92
ENSG00000170373.8,CST1,6.447795888733042,3.55050138989419e-35,up,93
ENSG00000092009.10,CMA1,-5.036318780202061,9.937212593981809e-45,down,94
ENSG00000109182.12,CWH43,-6.308394125705708,1.3302881318557215e-35,down,95
ENSG00000249550.7,LINC01234,3.9543771373629415,4.67799769335773e-56,up,96
ENSG00000185432.12,TMT1A,-3.3299645687552992,2.6900103797880823e-66,down,97
ENSG00000235026.6,DPP10-AS1,-5.068316151186718,1.3473948148771546e-43,down,98
ENSG00000111404.7,RERGL,-5.959749555269913,3.7478963330222278e-37,down,99
ENSG00000147655.12,RSPO2,-5.257422617662609,6.730142848786184e-42,down,100
ENSG00000089199.10,CHGB,-4.916955482190871,1.0421392170631155e-44,down,101
ENSG00000034971.17,MYOC,-6.479256296505087,4.395662468469195e-34,down,102
ENSG00000137727.12,ARHGAP20,-3.6059161038820893,2.264583916497506e-60,down,103
ENSG00000196660.11,SLC30A10,-7.362704906068461,7.99399406381309e-30,down,104
ENSG00000168447.11,SCNN1B,-6.028071931900519,5.0620269047154896e-36,down,105
ENSG00000150471.16,ADGRL3,-3.5734317849166244,6.944970279773446e-60,down,106
ENSG00000163586.10,FABP1,-4.680934754112496,8.65682074746016e-46,down,107
ENSG00000163815.6,CLEC3B,-4.839159134487828,2.7359352177335047e-44,down,108
ENSG00000176490.5,DIRAS1,-3.291502842700774,2.2501111733235067e-64,down,109
ENSG00000198074.10,AKR1B10,-4.755940587837701,1.4275373463006185e-44,down,110
ENSG00000122756.15,CNTFR,-6.067290478923182,5.989227433183673e-35,down,111
ENSG00000173237.4,C11orf86,-5.703756137086439,4.2390187253824e-37,down,112
ENSG00000143171.13,RXRG,-4.6143635774612655,1.5438713067873448e-45,down,113
ENSG00000183690.13,EFHC2,-3.43239109456218,5.8588208597215815e-61,down,114
ENSG00000186198.4,SLC51B,-5.293894323170613,9.584044615107576e-40,down,115
ENSG00000245694.10,LOC101927480,3.661845342310132,6.193322581907735e-57,up,116
ENSG00000228742.11,LINC02577,4.438179774405207,5.926631625355832e-47,up,117
ENSG00000073737.17,DHRS9,-5.157099251870047,1.790619397026651e-40,down,118
ENSG00000226306.6,NPY6R,-5.338433138912469,4.456706867253737e-39,down,119
ENSG00000196260.5,SFTA2,4.397582145396405,2.866626982226396e-47,up,120
ENSG00000139800.8,ZIC5,3.576498538187568,7.058053257735917e-58,up,121
ENSG00000136546.16,SCN7A,-6.270268099651457,3.239771767130156e-33,down,122
ENSG00000101441.4,CST4,2.6915679186846413,3.922842211954919e-76,up,123
ENSG00000240498.9,CDKN2B-AS1,-5.896078626622897,4.031834988632655e-35,down,124
ENSG00000286042.1,LCAL1,2.8163326038850243,1.0442596081039807e-72,up,125
ENSG00000135218.19,CD36,-3.756893720004232,1.2697793281624845e-54,down,126
ENSG00000154165.5,GPR15,-5.448746089191208,6.981967630636223e-38,down,127
ENSG00000082397.17,EPB41L3,-3.8402903162961017,2.0385734886200632e-53,down,128
ENSG00000179914.5,ITLN1,-5.514622738683807,2.42700753727735e-37,down,129
ENSG00000124205.18,EDN3,-4.775864951877923,7.869000321766693e-43,down,130
ENSG00000250641.1,LY6G6F-LY6G6D,3.0601024287647536,2.0277294299338508e-66,up,131
ENSG00000233532.6,LINC00460,4.3470736516296595,5.724638092411472e-47,up,132
ENSG00000178773.15,CPNE7,4.54348372293051,6.094034522602859e-45,up,133
ENSG00000233670.7,PIRT,-5.252666166066632,8.989603289350358e-39,down,134
ENSG00000113594.10,LIFR,-4.2951139372182565,3.4605022986587525e-47,down,135
ENSG00000176399.4,DMRTA1,-4.592992014882551,4.1205673212556177e-44,down,136
ENSG00000132465.12,JCHAIN,-5.678516794903734,8.810390646811529e-36,down,137
ENSG00000179277.9,MEIS3P1,-3.0248832290343293,1.9849795831690315e-66,down,138
ENSG00000101938.15,CHRDL1,-4.937835295128081,9.79103841600526e-41,down,139
ENSG00000135549.15,PKIB,-5.040894746921232,7.287771529691392e-40,down,140
ENSG00000167767.14,KRT80,6.165583173913481,1.057118951550045e-32,up,141
ENSG00000127951.8,FGL2,-3.5899756368592435,1.4019111944320492e-55,down,142
ENSG00000111863.13,ADTRP,-4.69918044434295,1.2521346730837813e-42,down,143
ENSG00000170091.11,NSG2,-5.260288806083218,4.054733447792539e-38,down,144
ENSG00000104371.5,DKK4,3.849671435168711,8.472020831319331e-52,up,145
ENSG00000171408.14,PDE7B,-2.952118438977414,8.392050963739764e-67,down,146
ENSG00000260573.4,LOC124903770,4.00001461956793,2.7512202418044824e-49,up,147
ENSG00000165495.16,PKNOX2,-3.6145785986427326,1.9333622462821614e-54,down,148
ENSG00000157005.4,SST,-6.618870920188523,6.526203001907197e-30,down,149
ENSG00000141668.10,CBLN2,-3.8107773659848014,4.373210968418788e-51,down,150
ENSG00000133878.9,DUSP26,-3.7778612737060593,1.676024622671366e-51,down,151
ENSG00000224099.2,,3.778201720964289,1.7588840756780393e-51,up,152
ENSG00000176533.13,GNG7,-3.524664841190728,4.7007267752737135e-55,down,153
ENSG00000138722.10,MMRN1,-4.638347521726422,8.215795261450715e-42,down,154
ENSG00000231246.2,LINC02884,-3.5806657599961547,6.144894198715837e-54,down,155
ENSG00000164303.11,ENPP6,-4.221413292376569,7.586569647141508e-46,down,156
ENSG00000242366.3,UGT1A8,-5.584412946635794,7.884767199380245e-35,down,157
ENSG00000148483.9,TMEM236,-4.997138847427492,1.6925701934341705e-38,down,158
ENSG00000242515.5,UGT1A10,-4.979856388588398,1.7952000541175212e-38,down,159
ENSG00000134121.10,CHL1,-3.6974182712746737,1.7588840756780393e-51,down,160
ENSG00000205038.12,PKHD1L1,-4.235307937776398,1.2140060165251978e-44,down,161
ENSG00000039987.7,BEST2,-5.989384139779571,1.047145653193205e-31,down,162
ENSG00000169347.17,GP2,-4.300122839157807,7.596899997829861e-44,down,163
ENSG00000188175.10,HEPACAM2,-4.7620131637754906,1.8732914334498525e-39,down,164
ENSG00000169860.7,P2RY1,-3.4010469037735396,8.18132179213078e-55,down,165
ENSG00000163497.3,FEV,-5.268421068497624,2.934010608317255e-35,down,166
ENSG00000226629.1,LINC00974,-5.178352900089981,8.194127730255069e-36,down,167
ENSG00000133800.9,LYVE1,-5.179877247422168,8.810390646811529e-36,down,168
ENSG00000163710.9,PCOLCE2,-4.897912238454665,1.6128234368932826e-37,down,169
ENSG00000276855.1,,-2.6647719995706147,2.7726113797172737e-68,down,170
ENSG00000236452.1,,3.5725737492446976,4.914563027391267e-51,up,171
ENSG00000119147.10,ECRG4,-5.2738082122618035,1.2410027201354876e-34,down,172
ENSG00000172572.7,PDE3A,-3.1142310263666033,7.280117863405456e-58,down,173
ENSG00000118432.12,CNR1,-4.977220525444119,2.1356048787186594e-36,down,174
ENSG00000114200.10,BCHE,-5.278382124087963,2.964948481889067e-34,down,175
ENSG00000103888.17,CEMIP,4.443519623365091,1.5093716039094778e-40,up,176
ENSG00000088992.18,TESC,3.280801006884178,1.588514140154949e-54,up,177
ENSG00000267073.1,,2.4978624394407536,2.420021538109751e-71,up,178
ENSG00000175161.14,CADM2,-5.214480913236306,1.4969184454812768e-34,down,179
ENSG00000166391.15,MOGAT2,-4.3193395072034075,1.8578950616820116e-41,down,180
ENSG00000205683.11,DPF3,-3.347884339615134,4.0608540177044534e-53,down,181
ENSG00000172318.5,B3GALT1,-4.97634818629035,6.239178000862713e-36,down,182
ENSG00000121871.4,SLITRK3,-4.796472096066087,3.6765160065830657e-37,down,183
ENSG00000171243.8,SOSTDC1,-3.0601218918208657,2.0497651408189053e-57,down,184
ENSG00000139910.20,NOVA1,-4.202516047759142,1.1056903971447463e-41,down,185
ENSG00000204936.10,CD177,-7.783828097478745,8.167667573229614e-23,down,186
ENSG00000156298.13,TSPAN7,-3.645791060409449,7.091511113832029e-48,down,187
ENSG00000187783.12,TMEM72,-5.714009513788709,8.370261835080234e-31,down,188
ENSG00000062038.14,CDH3,5.7785697240968155,2.2307260977817366e-30,up,189
ENSG00000100146.18,SOX10,-5.0834566330885504,2.1206234394127513e-34,down,190
ENSG00000137673.9,MMP7,6.3383582359828,1.2497128441250892e-27,up,191
ENSG00000197085.11,NPSR1-AS1,3.1302133246536306,3.523565067408509e-55,up,192
ENSG00000078596.11,ITM2A,-3.0628404955747444,2.3842639826053164e-56,down,193
ENSG00000108018.15,SORCS1,-4.889165604281698,1.6910393516601024e-35,down,194
ENSG00000104267.10,CA2,-6.031428420703325,8.133339892705023e-29,down,195
ENSG00000170454.6,KRT75,3.3278400185882187,1.993656900301126e-51,up,196
ENSG00000224269.1,,1.757645275558511,1.2920400417328332e-96,up,197
ENSG00000259823.6,LYPD8,-5.546264459304367,4.4016393940631e-31,down,198
ENSG00000134201.12,GSTM5,-3.7222978510518177,6.341081562011489e-46,down,199
ENSG00000243064.8,ABCC13,-4.421826896758947,9.807998290428166e-39,down,200
ENSG00000050030.16,NEXMIF,-4.529220475582383,8.357669119586571e-38,down,201
ENSG00000187699.10,AKAP19,-4.527729624167895,9.630590211514941e-38,down,202
ENSG00000116194.13,ANGPTL1,-5.353243448091104,5.668352663822199e-32,down,203
ENSG00000228705.2,LINC00659,4.2942155876636505,1.249897148361703e-39,up,204
ENSG00000164283.13,ESM1,4.997939776869005,4.703827360450493e-34,up,205
ENSG00000071991.9,CDH19,-5.491205160742313,5.205556296777802e-31,down,206
ENSG00000073711.11,PPP2R3A,-2.7659858013781085,8.22232288595605e-61,down,207
ENSG00000005249.13,PRKAR2B,-2.9002455319727467,5.4597952986957306e-58,down,208
ENSG00000168309.18,FAM107A,-4.35014873111475,7.104530015287541e-39,down,209
ENSG00000263961.8,RHEX,-3.7582155451316828,1.0228500875642419e-44,down,210
ENSG00000186007.10,LEMD1,4.601177440375648,1.231668419114824e-36,up,211
ENSG00000105609.17,LILRB5,-3.756098504986941,1.147159492468779e-44,down,212
ENSG00000206579.9,XKR4,-4.965953209606274,1.2402156755277918e-33,down,213
ENSG00000175832.13,ETV4,4.721217786581772,2.9305646883907875e-35,up,214
ENSG00000168875.3,SOX14,3.3554469448051445,2.7512202418044824e-49,up,215
ENSG00000007306.15,CEACAM7,-6.077561697446383,2.065687445003326e-27,down,216
ENSG00000112936.19,C7,-5.256027852278357,1.4602947935138283e-31,down,217
ENSG00000156959.9,LHFPL4,-4.114652766008154,4.700116383865524e-40,down,218
ENSG00000018236.15,CNTN1,-4.3194475273216995,4.549850076756491e-38,down,219
ENSG00000153253.19,SCN3A,-3.079051546188006,4.281083072481472e-53,down,220
ENSG00000213468.7,FIRRE,3.6540651188700384,8.309652334317541e-45,up,221
ENSG00000162460.7,TMEM82,-4.664876951187566,3.0240496964356117e-35,down,222
ENSG00000164120.14,HPGD,-3.969301109360666,2.742482802829336e-41,down,223
ENSG00000169252.6,ADRB2,-2.8984195111447164,4.0357342675508724e-56,down,224
ENSG00000018625.15,ATP1A2,-5.960217062952269,1.3137240280007784e-27,down,225
ENSG00000167912.6,TOX-DT,-2.4479401957605305,3.769574391542971e-66,down,226
ENSG00000249162.1,ADAM20P3,2.009484552455002,6.395333601964975e-80,up,227
ENSG00000279756.1,,-5.112392124565847,9.78002767889973e-32,down,228
ENSG00000170954.11,ZNF415,-2.630708090756241,5.8588208597215815e-61,down,229
ENSG00000153823.19,PID1,-2.707043087720429,7.860804002718526e-59,down,230
ENSG00000163295.5,ALPI,-5.530951843544707,3.849088690609674e-29,down,231
ENSG00000108405.4,P2RX1,-3.2009653339262254,9.686534811434725e-50,down,232
ENSG00000238042.5,,2.2003801045708182,5.243555639755081e-72,up,233
ENSG00000125675.18,GRIA3,-3.070660326416075,9.346362488859263e-52,down,234
ENSG00000019102.12,VSIG2,-4.8007823091564426,2.80154445105988e-33,down,235
ENSG00000224721.1,FLVCR2-AS1,-5.358343178607951,7.2238083818483e-30,down,236
ENSG00000145384.4,FABP2,-4.614434017559131,1.825140873747702e-34,down,237
ENSG00000160712.13,IL6R,-3.516753404539118,5.4740263125204324e-45,down,238
ENSG00000185915.5,KLHL34,-3.9583921730663083,6.0651080673640014e-40,down,239
ENSG00000249948.6,GBA3,-5.985216067193074,1.174964214053575e-26,down,240
ENSG00000197766.8,CFD,-3.800668815711113,1.7389749385931313e-41,down,241
ENSG00000171060.11,C8orf74,2.1055166552676923,5.380500925016255e-74,up,242
ENSG00000163106.11,HPGDS,-3.909772293577245,3.846163477267101e-40,down,243
ENSG00000197587.11,DMBX1,3.410655683473822,7.265442835300384e-46,up,244
ENSG00000163145.13,C1QTNF7,-3.8213510301084295,8.185893144363201e-41,down,245
ENSG00000137077.8,CCL21,-3.6385295924734757,7.975627379474838e-43,down,246
ENSG00000277586.4,NEFL,-4.886076987942931,5.414063784103913e-32,down,247
ENSG00000167916.5,KRT24,-6.419269647049895,1.729983141139108e-24,down,248
ENSG00000247381.3,PLUT,3.420724869737707,2.714397495256643e-45,up,249
ENSG00000138615.6,CILP,-4.721160985854303,5.5828843119949056e-33,down,250
ENSG00000109132.7,PHOX2B,-5.103694991881068,1.6980410385450013e-30,down,251
ENSG00000173597.9,SULT1B1,-3.8922557672790656,9.245242387231744e-40,down,252
ENSG00000154175.18,ABI3BP,-4.061320939370377,4.0114987779630136e-38,down,253
ENSG00000119919.11,NKX2-3,-3.6225030164406986,1.2849981027129854e-42,down,254
ENSG00000099953.10,MMP11,3.0991876391752378,1.157584062463919e-49,up,255
ENSG00000137872.17,SEMA6D,-4.045399815293619,3.445027278121622e-38,down,256
ENSG00000047457.14,CP,-3.9755253566155924,8.040330982886053e-39,down,257
ENSG00000152932.8,RAB3C,-3.418459269363655,6.186600925791398e-45,down,258
ENSG00000205364.4,MT1M,-5.786590850291232,7.757637914202708e-27,down,259
ENSG00000122641.11,INHBA,4.473064247581173,1.9196110183300387e-34,up,260
ENSG00000211895.5,IGHA1,-4.729982155610628,1.6326933150654923e-32,down,261
ENSG00000154721.15,JAM2,-3.277029543817176,1.7024927400866977e-46,down,262
ENSG00000147588.7,PMP2,-4.65271597232759,6.645566198763329e-33,down,263
ENSG00000171431.4,KRT20,-3.965943370176726,2.0527491098774608e-38,down,264
ENSG00000171819.5,ANGPTL7,-5.181346797078956,1.4930513751085513e-29,down,265
ENSG00000275395.6,FCGBP,-4.657729579003018,9.792692991724707e-33,down,266
ENSG00000197565.16,COL4A6,-3.506118052068401,3.1394598597934256e-43,down,267
ENSG00000254645.2,LOC105376567,-5.94913620254172,1.0834013691413156e-25,down,268
ENSG00000188373.5,GPR15LG,-3.6312719429021776,1.3154629979524243e-41,down,269
ENSG00000198846.6,TOX,-2.6120755707317054,2.1681198793730242e-57,down,270
ENSG00000271447.6,MMP28,-3.813871505200563,1.7373845467416995e-39,down,271
ENSG00000115507.10,OTX1,4.4269865845506455,4.089525607399198e-34,up,272
ENSG00000181804.15,SLC9A9,-2.9504586054879596,1.0572358901693684e-50,down,273
ENSG00000137634.10,NXPE4,-5.093297404600476,1.1321247126466573e-29,down,274
ENSG00000204869.8,IGFL4,3.9862442020684226,1.3529907648420274e-37,up,275
ENSG00000142875.19,PRKACB,-2.927675046382257,8.138595700280565e-51,down,276
ENSG00000132514.14,CLEC10A,-3.880128758413341,1.793178511130136e-38,down,277
ENSG00000182938.7,OTOP3,-6.042448246402644,6.260011832736093e-25,down,278
ENSG00000224650.2,IGHV3-74,-4.659486508298301,4.5270551847600397e-32,down,279
ENSG00000112175.8,BMP5,-4.074912129845675,1.537118278168167e-36,down,280
ENSG00000236081.1,ELFN1-AS1,3.939948569926123,9.66282463316335e-38,up,281
ENSG00000107562.16,CXCL12,-3.483082789847904,1.3925484652906704e-42,down,282
ENSG00000066468.23,FGFR2,-3.2852187453240056,4.871183068443165e-45,down,283
ENSG00000213088.12,ACKR1,-3.7446461877531068,1.7497353813812304e-39,down,284
ENSG00000162461.8,SLC25A34,-4.714210282768981,1.6655295373092096e-31,down,285
ENSG00000259417.3,CTXND1,-3.3595332360755696,1.0002265514949236e-43,down,286
ENSG00000179314.14,WSCD1,-4.216830764688623,6.316263573812693e-35,down,287
ENSG00000257277.2,,-4.96423803627905,8.96774988112454e-30,down,288
ENSG00000146013.11,GFRA3,-4.147252754570474,1.8737731680273247e-35,down,289
ENSG00000224189.8,HAGLR,-3.346866398148583,9.386603860970983e-44,down,290
ENSG00000172137.19,CALB2,-3.9183748328185466,1.8139292645842206e-37,down,291
ENSG00000135298.14,ADGRB3,-4.31986149381376,5.156380130475904e-34,down,292
ENSG00000146151.14,HMGCLL1,-3.3957383084476973,7.249650477103414e-43,down,293
ENSG00000163687.14,DNASE1L3,-4.907219501064929,8.724313140388373e-30,down,294
ENSG00000226087.2,LOC105374588,-4.457697038573601,1.0916212889059219e-32,down,295
ENSG00000143196.5,DPT,-4.877042295174483,7.252940986219432e-30,down,296
ENSG00000179520.11,SLC17A8,-5.296283378429844,1.7406028703044873e-27,down,297
ENSG00000229404.6,LINC00858,4.09921831689222,2.977866029098844e-35,up,298
ENSG00000100665.12,SERPINA4,3.42240937244398,5.922681954899448e-42,up,299
ENSG00000092421.17,SEMA6A,-3.3622028115986833,1.11252586863128e-42,down,300
ENSG00000078549.15,ADCYAP1R1,-4.964248486404363,4.22189330771128e-29,down,301
ENSG00000163347.6,CLDN1,4.127444919862602,7.5476983603605e-35,up,302
ENSG00000144619.15,CNTN4,-3.3929612586242177,3.326573935492948e-42,down,303
ENSG00000119121.22,TRPM6,-5.371183023135472,6.863768637090836e-27,down,304
ENSG00000167701.14,GPT,-4.134762094916967,1.1976582870618268e-34,down,305
ENSG00000162896.6,PIGR,-3.6380342853306846,3.0038369351898114e-39,down,306
ENSG00000144339.12,TMEFF2,-4.4586658516662645,3.762321912174313e-32,down,307
ENSG00000154262.13,ABCA6,-3.514134702199949,1.509575338794631e-40,down,308
ENSG00000185149.6,NPY2R,-4.827545786439638,1.0926868118282468e-29,down,309
ENSG00000133083.15,DCLK1,-3.870712139520129,7.815168756837113e-37,down,310
ENSG00000271216.2,LINC01050,2.2505302036535393,8.436408295316607e-63,up,311
ENSG00000172005.11,MAL,-4.349052139673825,7.59960367995592e-33,down,312
ENSG00000117115.13,PADI2,-4.481589854753553,6.98597948340301e-32,down,313
ENSG00000168229.4,PTGDR,-4.107714000586059,1.0343850798114716e-34,down,314
ENSG00000151892.15,GFRA1,-4.101382963201244,9.738902577058886e-35,down,315
ENSG00000173175.15,ADCY5,-3.947786064344374,4.874776251496918e-36,down,316
ENSG00000105894.12,PTN,-3.431180709202205,2.564907968926409e-41,down,317
ENSG00000187715.13,KBTBD12,-3.1454708705213426,6.6493794235336e-45,down,318
ENSG00000029559.7,IBSP,3.293695665527532,7.869000321766693e-43,up,319
ENSG00000166816.15,LDHD,-4.017049993064335,3.4659128450866675e-35,down,320
ENSG00000287059.1,,-3.728464085552251,8.185649774959078e-38,down,321
ENSG00000141431.12,ASXL3,-3.4659651282043695,1.3018782626787602e-40,down,322
ENSG00000135406.14,PRPH,-4.485473232109834,1.6600939795715413e-31,down,323
ENSG00000104892.17,KLC3,3.382377385569424,1.6229011530473457e-41,up,324
ENSG00000102409.10,BEX4,-2.829457404975803,2.7582026205629766e-49,down,325
ENSG00000151623.15,NR3C2,-3.5514506851560466,2.302156835943512e-39,down,326
ENSG00000116748.21,AMPD1,-4.976184189006634,3.0648985528045776e-28,down,327
ENSG00000211652.2,IGLV7-43,-4.831222307278081,4.713444894137206e-29,down,328
ENSG00000204542.3,C6orf15,3.3543367823132515,1.7025912895686069e-41,up,329
ENSG00000113580.15,NR3C1,-2.5716804261528328,7.393298276463877e-54,down,330
ENSG00000243944.5,,2.3264125123785235,1.913343030904587e-59,up,331
ENSG00000070748.19,CHAT,-5.147517943376853,2.9296620030799388e-27,down,332
ENSG00000171951.5,SCG2,-3.4999643715869517,1.249897148361703e-39,down,333
ENSG00000242371.1,IGKV1-39,-4.820191777244561,6.476660624450446e-29,down,334
ENSG00000162992.4,NEUROD1,-4.695184602591605,1.2106121171274694e-29,down,335
ENSG00000155850.8,SLC26A2,-5.379550620965222,7.319456314467227e-26,down,336
ENSG00000223812.8,PYDC2-AS1,2.4475284274152544,6.620407659076626e-56,up,337
ENSG00000184434.8,LRRC19,-3.8628024208861227,1.2898286042809119e-35,down,338
ENSG00000104888.10,SLC17A7,-3.67957175246352,2.372386055509356e-37,down,339
ENSG00000113396.13,SLC27A6,-3.7646334372952373,1.8628846995861335e-36,down,340
ENSG00000152092.16,ASTN1,-4.465836283057435,8.02446154823871e-31,down,341
ENSG00000172031.7,EPHX4,3.7725965394823056,2.4105087654844927e-36,up,342
ENSG00000149970.16,CNKSR2,-3.0861893892556442,2.901939441584403e-44,down,343
ENSG00000137868.19,STRA6,4.0377099202463125,8.221467105676213e-34,up,344
ENSG00000158270.12,COLEC12,-3.0060158926420684,3.978945378574977e-45,down,345
ENSG00000118777.12,ABCG2,-5.483343537072455,4.585670077655551e-25,down,346
ENSG00000172020.13,GAP43,-4.354574936777612,2.2819743069904555e-31,down,347
ENSG00000113303.12,BTNL8,-4.597729404811954,9.641897706448904e-30,down,348
ENSG00000168477.19,TNXB,-4.922492493798389,7.947109966137757e-28,down,349
ENSG00000170369.4,CST2,3.789543211234849,6.547842537542852e-36,up,350
ENSG00000174944.9,P2RY14,-3.484544723293065,5.789018895628916e-39,down,351
ENSG00000130294.17,KIF1A,-4.7073316266009,5.15591141690203e-29,down,352
ENSG00000102683.8,SGCG,-4.232629170798375,3.7561227235861046e-32,down,353
ENSG00000197561.7,ELANE,-3.8780358369785546,7.090164971278448e-35,down,354
ENSG00000251546.1,IGKV1D-39,-5.018903569442593,4.3745309036139106e-27,down,355
ENSG00000127083.7,OMD,-4.158550395075296,1.8324420139421942e-32,down,356
ENSG00000184144.12,CNTN2,-4.6575822469559345,4.675508107264707e-29,down,357
ENSG00000162520.15,SYNC,-2.9133104795059115,6.341081562011489e-46,down,358
ENSG00000048052.22,HDAC9,-2.748061900179591,1.2380594221995856e-48,down,359
ENSG00000174358.16,SLC6A19,-6.839711692201787,6.109033819176122e-20,down,360
ENSG00000105464.3,GRIN2D,4.14768993786373,2.437720062728812e-32,up,361
ENSG00000204136.11,GGTA1,-3.2457771613794337,4.2434198234400177e-41,down,362
ENSG00000120149.9,MSX2,3.7733780453799053,1.8737731680273247e-35,up,363
ENSG00000038295.8,TLL1,-3.534203319094281,8.63883986503414e-38,down,364
ENSG00000164176.13,EDIL3,-2.8597801530672395,1.5714300028988856e-46,down,365
ENSG00000259087.5,,-4.6005063810000175,4.498107023401599e-29,down,366
ENSG00000204065.3,TCEAL5,-3.790986211434947,4.390094171886752e-35,down,367
ENSG00000105219.10,CCNP,3.4807181363152475,4.0459784019192526e-38,up,368
ENSG00000144290.17,SLC4A10,-4.683661058285027,1.798168767192058e-28,down,369
ENSG00000162409.11,PRKAA2,-3.893063184705576,4.253245726395726e-34,down,370
ENSG00000101115.13,SALL4,3.7560267519556403,2.595504196530986e-35,up,371
ENSG00000162761.14,LMX1A,-3.724813308310233,1.541323791074518e-35,down,372
ENSG00000169313.10,P2RY12,-3.636859615721677,2.3676312306317515e-36,down,373
ENSG00000170382.12,LRRN2,-4.715509975352644,3.9582797481891616e-28,down,374
ENSG00000150625.16,GPM6A,-5.57161340555888,6.461407893208755e-24,down,375
ENSG00000116176.6,TPSG1,-3.9003053801112877,7.588960868528848e-34,down,376
ENSG00000036672.16,USP2,-4.8084809098987105,1.4616827407530338e-27,down,377
ENSG00000211650.2,IGLV5-45,-4.560453796301496,5.111608892244648e-29,down,378
ENSG00000178031.17,ADAMTSL1,-3.0570163881763817,6.743102086504696e-43,down,379
ENSG00000048462.11,TNFRSF17,-4.604628503000087,1.2404268421839598e-28,down,380
ENSG00000095110.8,NXPE1,-3.9852599942205593,5.957015944467873e-33,down,381
ENSG00000013293.6,SLC7A14,-4.67561565638515,4.102082947985101e-28,down,382
ENSG00000287750.1,LOC124902202,-3.35404296863834,6.756292932772152e-39,down,383
ENSG00000259862.1,,1.640255329434044,2.3386717477292766e-78,up,384
ENSG00000187398.12,LUZP2,-3.5607762851276696,1.781826092511789e-36,down,385
ENSG00000145708.11,CRHBP,-3.1212766675141537,1.9590977507022042e-41,down,386
ENSG00000197614.11,MFAP5,-3.895992716744325,2.4656159083499128e-33,down,387
ENSG00000173320.12,STOX2,-3.3902757602109856,3.579442924863734e-38,down,388
ENSG00000004799.8,PDK4,-3.9786937198151495,1.2695217249339464e-32,down,389
ENSG00000146039.11,SLC17A4,-4.511228907195261,7.498009651753107e-29,down,390
ENSG00000169218.14,RSPO1,-3.165909680332513,8.94232377144592e-41,down,391
ENSG00000133169.6,BEX1,-4.03139015350799,3.9959792844233397e-32,down,392
ENSG00000139200.14,PIANP,-3.265013124039904,1.844911199841202e-39,down,393
ENSG00000178473.7,UCN3,-3.8422156918350834,1.2997992056185178e-33,down,394
ENSG00000144218.19,AFF3,-3.860552077850799,2.113392810444362e-33,down,395
ENSG00000105989.10,WNT2,4.987581056007745,5.1475846780831215e-26,up,396
ENSG00000132872.12,SYT4,-4.441842711849426,4.22824276939858e-29,down,397
ENSG00000225698.3,IGHV3-72,-4.866059147388837,1.2872241717706235e-26,down,398
ENSG00000072133.11,RPS6KA6,-2.837143833422635,4.0642583558255016e-45,down,399
ENSG00000270372.1,LINC03131,2.1316181972260897,1.3673787394155924e-59,up,400
ENSG00000065609.14,SNAP91,-4.069564479170498,1.5001882710823172e-31,down,401
ENSG00000107295.10,SH3GL2,-3.2569155566303656,3.223452954355652e-39,down,402
ENSG00000145287.11,PLAC8,-4.192637794653326,1.2566364936463954e-30,down,403
ENSG00000154645.14,CHODL,-3.7855779001909307,7.669460267657004e-34,down,404
ENSG00000214652.6,ZNF727,-3.310334904869674,1.781035650592244e-38,down,405
ENSG00000227243.3,SLAMF6P1,-4.060579539510821,1.7304640122928976e-31,down,406
ENSG00000157404.16,KIT,-2.839670010064596,1.904166019463591e-44,down,407
ENSG00000274736.5,CCL23,-3.9206819951540894,2.2932361424657904e-32,down,408
ENSG00000166501.14,PRKCB,-3.311358560976708,4.0211359789075646e-38,down,409
ENSG00000233215.6,LINC01687,-4.667702998641545,3.6509877577966134e-27,down,410
ENSG00000175356.14,SCUBE2,-3.497571908472099,5.485537033735255e-36,down,411
ENSG00000118526.7,TCF21,-2.9658897797224038,2.6457800300635353e-42,down,412
ENSG00000240505.9,TNFRSF13B,-4.410141715668468,1.1613661780201248e-28,down,413
ENSG00000166482.12,MFAP4,-3.2661756174506316,1.9608385886417492e-38,down,414
ENSG00000160801.14,PTH1R,-3.039710211717968,3.5219710362751573e-41,down,415
ENSG00000107159.13,CA9,3.544073371012024,2.158165073188093e-35,up,416
ENSG00000143867.7,OSR1,-3.5330886693056245,2.158165073188093e-35,down,417
ENSG00000134028.14,ADAMDEC1,-4.518896300660574,7.8864924439266805e-28,down,418
ENSG00000168903.9,BTNL3,-4.023482905994091,3.8639012424578062e-31,down,419
ENSG00000183454.18,GRIN2A,-3.690851275806893,7.189198761940963e-34,down,420
ENSG00000227063.5,RPL41P1,-3.445146553713296,3.3543365976354275e-36,down,421
ENSG00000214814.7,FER1L6,-4.413426058913182,2.245493391524486e-28,down,422
ENSG00000180660.8,MAB21L1,-3.8603731780466006,2.5920149947811067e-32,down,423
ENSG00000128040.11,SPINK2,-4.00748092197343,3.915005398249522e-31,down,424
ENSG00000243238.1,IGKV2-30,-4.712079348806217,1.429404510749683e-26,down,425
ENSG00000189129.14,PLAC9,-3.263328112111849,4.956574074942669e-38,down,426
ENSG00000064787.13,BCAS1,-3.6304440639070137,3.165507622024137e-34,down,427
ENSG00000171724.3,VAT1L,-2.8984363974358898,1.11252586863128e-42,down,428
ENSG00000109339.24,MAPK10,-2.6921500560729363,6.818760283236785e-46,down,429
ENSG00000182050.13,MGAT4C,-3.829456340048248,2.0410990550175828e-32,down,430
ENSG00000189056.14,RELN,-3.9843021220545793,3.5923146460192156e-31,down,431
ENSG00000172260.15,NEGR1,-3.670486988951695,9.120967694650784e-34,down,432
ENSG00000237515.9,SHISA9,-3.528393432238535,4.4585665473290433e-35,down,433
ENSG00000129167.9,TPH1,-4.669409250594626,1.1505212844355121e-26,down,434
ENSG00000015592.16,STMN4,-4.538155208291423,2.046212238450464e-27,down,435
ENSG00000223573.7,TINCR,-4.285259968138043,5.823633374067709e-29,down,436
ENSG00000286324.1,,1.8284835418629213,8.392050963739764e-67,up,437
ENSG00000110887.8,DAO,-5.722730814483577,8.689562146177035e-22,down,438
ENSG00000166111.10,SVOP,-3.32302583019393,5.442356631272778e-37,down,439
ENSG00000105492.16,SIGLEC6,-3.1905367295536364,1.8845390887222125e-38,down,440
ENSG00000262097.2,LINC02185,-3.159420254030948,8.57043616325597e-39,down,441
ENSG00000211660.3,IGLV2-23,-4.033976560392075,1.587975325860216e-30,down,442
ENSG00000256643.1,LINC02441,-3.6684862329235264,2.143983794784838e-33,down,443
ENSG00000100626.17,GALNT16,-3.6951612355037824,3.964302145632599e-33,down,444
ENSG00000092051.17,JPH4,-3.3679635663693888,3.000507733045792e-36,down,445
ENSG00000244116.3,IGKV2-28,-4.702647870129019,3.659774304788177e-26,down,446
ENSG00000151079.7,KCNA6,-3.4561027684409167,2.817013361135947e-35,down,447
ENSG00000185760.17,KCNQ5,-3.2055908318688093,5.937850911594498e-38,down,448
ENSG00000149575.9,SCN2B,-4.44902415959066,1.5834493336004759e-27,down,449
ENSG00000067840.12,PDZD4,-3.9816200629426417,1.1474125518053704e-30,down,450
ENSG00000138678.11,GPAT3,-3.294805721440971,7.0024061724874335e-37,down,451
ENSG00000168824.14,NSG1,-2.3269971605299915,6.675829317819978e-52,down,452
ENSG00000165197.5,VEGFD,-4.824527943893695,2.0766686374406443e-25,down,453
ENSG00000135374.11,ELF5,2.977970929809458,1.063462088998005e-40,up,454
ENSG00000128482.16,RNF112,-3.033660750606908,6.736959086793353e-40,down,455
ENSG00000177098.9,SCN4B,-3.018534945364854,4.4204315658977775e-40,down,456
ENSG00000230234.1,,2.9422954231090053,4.607433161997393e-41,up,457
ENSG00000162374.18,ELAVL4,-3.956304103894225,1.1249149280304485e-30,down,458
ENSG00000244575.3,IGKV1-27,-4.229152389969107,1.0864758099281585e-28,down,459
ENSG00000138669.9,PRKG2,-4.601222587274823,2.2347693775641703e-26,down,460
ENSG00000108823.16,SGCA,-3.6639999951382496,6.664516891187541e-33,down,461
ENSG00000255085.8,,-3.1290686087096096,2.3505626124029456e-38,down,462
ENSG00000114455.13,HHLA2,-3.8364059426617043,2.0526291659044783e-31,down,463
ENSG00000130055.14,GDPD2,-4.357915624991958,9.731795496892502e-28,down,464
ENSG00000211668.2,IGLV2-11,-4.131154410879592,3.253738223972956e-29,down,465
ENSG00000111700.13,SLCO1B3,3.5113867872757156,3.165507622024137e-34,up,466
ENSG00000132915.11,PDE6A,-4.766708890744688,2.112270825105655e-25,down,467
ENSG00000205221.12,VIT,-3.6220728681359327,3.427776614486222e-33,down,468
ENSG00000253549.6,CA3-AS1,-3.831599575353107,2.20447319236801e-31,down,469
ENSG00000134827.8,TCN1,4.384792849384904,1.7059466465484555e-27,up,470
ENSG00000172348.15,RCAN2,-2.6861926282394935,2.2566270978971545e-44,down,471
ENSG00000105696.9,TMEM59L,-3.972035002043442,3.077897928002157e-30,down,472
ENSG00000257588.1,AQP5-AS1,2.906638422399281,5.534054568433733e-41,up,473
ENSG00000125355.16,TMEM255A,-3.1948780775963552,2.680304277527727e-37,down,474
ENSG00000211637.2,IGLV4-69,-4.459489102692682,6.551392023255374e-27,down,475
ENSG00000188641.14,DPYD,-2.7083330361814584,7.791031311476999e-44,down,476
ENSG00000171303.7,KCNK3,-4.154835368090369,8.929027992998257e-29,down,477
ENSG00000181234.9,TMEM132C,-3.5639850024899076,2.2469231667052454e-33,down,478
ENSG00000256298.1,,1.7584926131139904,6.919291119879981e-67,up,479
ENSG00000140297.13,GCNT3,-3.4185723713717593,9.324355870868364e-35,down,480
ENSG00000110975.8,SYT10,-3.7262547904560503,6.108179343010843e-32,down,481
ENSG00000168032.10,ENTPD3,-3.3009543128245697,5.820060336536381e-36,down,482
ENSG00000184564.11,SLITRK6,-3.09482984995383,2.8138194739625885e-38,down,483
ENSG00000166825.15,ANPEP,-5.377592887604585,2.5077512161202784e-22,down,484
ENSG00000164128.7,NPY1R,-3.730866340369249,7.537416972189145e-32,down,485
ENSG00000249167.2,SEMA6A-AS2,-3.102291597786235,3.8125767208505804e-38,down,486
ENSG00000154258.17,ABCA9,-3.760501243217899,1.3916999986974364e-31,down,487
ENSG00000249306.6,LINC01411,3.1202917831323895,8.40040867610059e-38,up,488
ENSG00000203685.10,STUM,-4.56954228043693,4.883859163593222e-26,down,489
ENSG00000083782.8,EPYC,2.887866021130201,9.823779047696174e-41,up,490
ENSG00000254560.6,BBOX1-AS1,3.4037634743201703,1.1795494076905366e-34,up,491
ENSG00000204424.10,LY6G6F,2.060605166621243,9.456064472918575e-57,up,492
ENSG00000211941.3,IGHV3-11,-4.334253570965471,2.3219702910723906e-27,down,493
ENSG00000145506.14,NKD2,3.038790378502541,1.0811307341060197e-38,up,494
ENSG00000118729.12,CASQ2,-5.489747803201855,1.2260515551263496e-21,down,495
ENSG00000101098.13,RIMS4,-4.637173038015833,2.0405757288769642e-25,down,496
ENSG00000178776.5,C5orf46,2.7504006626835316,2.3659570321610048e-42,up,497
ENSG00000171916.17,LGALS9C,-4.179504398489647,4.445222950257937e-28,down,498
ENSG00000103544.15,VPS35L,-2.1517277589668584,9.152910644429117e-54,down,499
ENSG00000134240.12,HMGCS2,-4.090965248688715,1.426167532431616e-28,down,500
