w_omics,w_ml,w_literature,w_pathway,enrichment_ratio,median_rank,in_top_500,in_top_1000,in_top_5000,bmp3_rank,found
0.2,0.0,0.6,0.2,1.537,11881,4,4,16,23,79
0.3,0.0,0.4,0.3,1.537,11881,4,4,16,18,79
0.4,0.0,0.2,0.4,1.537,11881,4,4,16,19,79
0.3,0.0,0.1,0.6,1.537,11881,4,4,16,76,79
0.3,0.0,0.0,0.7,1.537,11881,4,4,16,112,79
0.2,0.0,0.7,0.1,1.537,11881,4,4,16,27,79
0.4,0.0,0.3,0.3,1.537,11881,4,4,16,12,79
0.2,0.0,0.5,0.3,1.537,11881,4,4,16,24,79
0.2,0.0,0.4,0.4,1.537,11881,4,4,16,26,79
0.5,0.0,0.5,0.0,1.537,11881,4,4,16,9,79
0.5,0.0,0.4,0.1,1.537,11881,4,4,16,12,79
0.5,0.0,0.3,0.2,1.537,11881,4,4,16,11,79
0.5,0.0,0.2,0.3,1.537,11881,4,4,16,14,79
0.5,0.0,0.1,0.4,1.537,11881,4,4,16,21,79
0.5,0.0,0.0,0.5,1.537,11881,4,4,16,56,79
0.2,0.0,0.3,0.5,1.537,11881,4,4,16,33,79
0.1,0.0,0.2,0.7,1.537,11881,4,4,16,97,79
0.1,0.0,0.3,0.6,1.537,11881,4,4,16,62,79
0.1,0.0,0.4,0.5,1.537,11881,4,4,16,40,79
0.1,0.0,0.5,0.4,1.537,11881,4,4,16,35,79
0.1,0.0,0.6,0.3,1.537,11881,4,4,16,34,79
0.1,0.0,0.7,0.2,1.537,11881,4,4,16,41,79
0.2,0.0,0.2,0.6,1.537,11881,4,4,16,61,79
0.2,0.0,0.1,0.7,1.537,11881,4,4,16,105,79
0.4,0.0,0.0,0.6,1.537,11881,4,4,16,84,79
0.3,0.0,0.3,0.4,1.537,11881,4,4,16,23,79
0.3,0.0,0.2,0.5,1.537,11881,4,4,16,36,79
0.3,0.0,0.5,0.2,1.537,11881,4,4,16,13,79
0.6,0.0,0.0,0.4,1.537,11881,4,4,16,32,79
0.7,0.0,0.3,0.0,1.537,11881,4,4,16,8,79
0.7,0.0,0.2,0.1,1.537,11881,4,4,16,13,79
0.7,0.0,0.1,0.2,1.537,11881,4,4,16,18,79
0.7,0.0,0.0,0.3,1.537,11881,4,4,16,26,79
0.4,0.0,0.6,0.0,1.537,11881,4,4,16,12,79
0.4,0.0,0.5,0.1,1.537,11881,4,4,16,13,79
0.4,0.0,0.4,0.2,1.537,11881,4,4,16,14,79
0.3,0.0,0.7,0.0,1.537,11881,4,4,16,14,79
0.3,0.0,0.6,0.1,1.537,11881,4,4,16,16,79
0.6,0.0,0.4,0.0,1.537,11881,4,4,16,9,79
0.6,0.0,0.3,0.1,1.537,11881,4,4,16,9,79
0.6,0.0,0.1,0.3,1.537,11881,4,4,16,19,79
0.6,0.0,0.2,0.2,1.537,11881,4,4,16,13,79
0.4,0.0,0.1,0.5,1.537,11881,4,4,16,40,79
0.7,0.1,0.0,0.2,1.466,12455,3,4,14,21,79
0.7,0.1,0.1,0.1,1.466,12455,4,4,14,18,79
0.7,0.1,0.2,0.0,1.466,12455,4,4,14,12,79
0.6,0.1,0.2,0.1,1.465,12468,4,4,14,12,79
0.6,0.1,0.1,0.2,1.465,12468,4,4,14,18,79
0.6,0.1,0.0,0.3,1.465,12468,3,4,14,25,79
0.6,0.1,0.3,0.0,1.465,12468,4,4,14,7,79
0.5,0.1,0.4,0.0,1.463,12482,4,4,13,9,79
0.5,0.1,0.1,0.3,1.463,12482,4,4,13,18,79
0.5,0.1,0.3,0.1,1.463,12482,4,4,13,9,79
0.5,0.1,0.0,0.4,1.463,12482,3,4,13,37,79
0.5,0.1,0.2,0.2,1.463,12482,4,4,13,12,79
0.4,0.1,0.0,0.5,1.462,12493,3,3,11,62,79
0.4,0.1,0.1,0.4,1.462,12493,4,4,11,26,79
0.4,0.1,0.2,0.3,1.462,12493,4,4,11,10,79
0.4,0.1,0.5,0.0,1.462,12493,4,4,11,10,79
0.4,0.1,0.4,0.1,1.462,12493,4,4,11,12,79
0.4,0.1,0.3,0.2,1.462,12493,4,4,11,14,79
0.3,0.1,0.0,0.6,1.461,12502,3,3,10,96,79
0.3,0.1,0.1,0.5,1.461,12502,4,4,10,50,79
0.3,0.1,0.2,0.4,1.461,12502,4,4,10,20,79
0.3,0.1,0.3,0.3,1.461,12502,4,4,10,15,79
0.3,0.1,0.4,0.2,1.461,12502,4,4,10,13,79
0.3,0.1,0.5,0.1,1.461,12502,4,4,10,13,79
0.3,0.1,0.6,0.0,1.461,12502,4,4,10,12,79
0.6,0.2,0.0,0.2,1.461,12502,3,3,10,22,79
0.6,0.2,0.2,0.0,1.461,12502,4,4,10,10,79
0.7,0.2,0.1,0.0,1.461,12497,3,4,11,16,79
0.7,0.2,0.0,0.1,1.461,12497,3,3,11,19,79
0.6,0.2,0.1,0.1,1.461,12502,3,4,10,17,79
0.5,0.2,0.3,0.0,1.46,12510,4,4,10,7,79
0.5,0.2,0.2,0.1,1.46,12510,4,4,10,10,79
0.5,0.2,0.0,0.3,1.46,12510,3,3,10,26,79
0.5,0.2,0.1,0.2,1.46,12510,3,4,10,16,79
0.2,0.1,0.0,0.7,1.459,12513,3,3,10,116,79
0.3,0.2,0.5,0.0,1.459,12515,4,4,9,11,79
0.2,0.1,0.1,0.6,1.459,12513,4,4,10,86,79
0.2,0.1,0.2,0.5,1.459,12513,4,4,10,42,79
0.2,0.1,0.3,0.4,1.459,12513,4,4,10,28,79
0.2,0.1,0.4,0.3,1.459,12513,4,4,10,21,79
0.2,0.1,0.5,0.2,1.459,12513,4,4,10,19,79
0.2,0.1,0.6,0.1,1.459,12513,4,4,10,20,79
0.2,0.1,0.7,0.0,1.459,12513,4,4,10,22,79
0.4,0.3,0.0,0.3,1.459,12518,3,3,9,27,79
0.4,0.3,0.1,0.2,1.459,12518,3,3,9,14,79
0.3,0.2,0.4,0.1,1.459,12515,4,4,9,13,79
0.3,0.2,0.3,0.2,1.459,12515,4,4,9,13,79
0.3,0.2,0.1,0.4,1.459,12515,3,4,9,30,79
0.5,0.3,0.0,0.2,1.459,12514,3,3,9,23,79
0.5,0.3,0.1,0.1,1.459,12514,3,3,9,15,79
0.5,0.3,0.2,0.0,1.459,12514,3,4,9,8,79
0.5,0.4,0.0,0.1,1.459,12519,3,3,9,18,79
0.5,0.4,0.1,0.0,1.459,12519,3,3,9,14,79
0.6,0.3,0.0,0.1,1.459,12513,3,3,10,19,79
0.6,0.3,0.1,0.0,1.459,12513,3,3,10,15,79
0.6,0.4,0.0,0.0,1.459,12515,3,3,9,18,79
0.3,0.2,0.2,0.3,1.459,12515,4,4,9,12,79
0.7,0.3,0.0,0.0,1.459,12511,3,3,10,18,79
0.4,0.2,0.4,0.0,1.459,12513,4,4,10,9,79
0.4,0.2,0.3,0.1,1.459,12513,4,4,10,12,79
0.4,0.2,0.2,0.2,1.459,12513,4,4,10,11,79
0.4,0.2,0.1,0.3,1.459,12513,3,4,10,18,79
0.4,0.2,0.0,0.4,1.459,12513,3,3,10,45,79
0.3,0.2,0.0,0.5,1.459,12515,3,3,9,77,79
0.4,0.3,0.2,0.1,1.459,12518,3,4,9,9,79
0.4,0.3,0.3,0.0,1.459,12518,4,4,9,8,79
0.4,0.6,0.0,0.0,1.458,12527,3,3,9,16,79
0.1,0.1,0.6,0.2,1.458,12522,4,4,9,32,79
0.3,0.3,0.2,0.2,1.458,12522,3,4,9,10,79
0.3,0.3,0.1,0.3,1.458,12522,3,3,9,19,79
0.3,0.3,0.0,0.4,1.458,12522,3,3,9,55,79
0.1,0.1,0.3,0.5,1.458,12522,4,4,9,37,79
0.1,0.1,0.4,0.4,1.458,12522,4,4,9,32,79
0.1,0.1,0.5,0.3,1.458,12522,4,4,9,28,79
0.4,0.4,0.1,0.1,1.458,12522,3,3,9,12,79
0.1,0.1,0.7,0.1,1.458,12522,4,4,9,40,79
0.4,0.5,0.1,0.0,1.458,12524,3,3,9,12,79
0.4,0.5,0.0,0.1,1.458,12524,3,3,9,18,79
0.4,0.4,0.2,0.0,1.458,12522,3,3,9,7,79
0.1,0.1,0.1,0.7,1.458,12522,4,4,9,110,79
0.4,0.4,0.0,0.2,1.458,12522,3,3,9,25,79
0.5,0.5,0.0,0.0,1.458,12522,3,3,9,17,79
0.3,0.3,0.3,0.1,1.458,12522,4,4,9,13,79
0.3,0.3,0.4,0.0,1.458,12522,4,4,9,10,79
0.3,0.4,0.0,0.3,1.458,12525,3,3,9,39,79
0.2,0.2,0.5,0.1,1.458,12522,4,4,9,16,79
0.1,0.1,0.2,0.6,1.458,12522,4,4,9,76,79
0.3,0.5,0.0,0.2,1.458,12527,3,3,9,22,79
0.3,0.5,0.1,0.1,1.458,12527,3,3,9,12,79
0.3,0.5,0.2,0.0,1.458,12527,3,3,9,8,79
0.2,0.2,0.1,0.5,1.458,12522,3,3,9,62,79
0.2,0.2,0.2,0.4,1.458,12522,4,4,9,32,79
0.2,0.2,0.3,0.3,1.458,12522,4,4,9,18,79
0.3,0.4,0.1,0.2,1.458,12525,3,3,9,13,79
0.2,0.2,0.4,0.2,1.458,12522,4,4,9,17,79
0.2,0.2,0.6,0.0,1.458,12522,4,4,9,15,79
0.2,0.3,0.0,0.5,1.458,12527,3,3,9,96,79
0.2,0.3,0.1,0.4,1.458,12527,3,3,9,41,79
0.2,0.3,0.2,0.3,1.458,12527,3,4,9,21,79
0.2,0.3,0.3,0.2,1.458,12527,4,4,9,15,79
0.2,0.3,0.4,0.1,1.458,12527,4,4,9,14,79
0.2,0.3,0.5,0.0,1.458,12527,4,4,9,12,79
0.3,0.4,0.3,0.0,1.458,12525,3,4,9,9,79
0.3,0.4,0.2,0.1,1.458,12525,3,3,9,10,79
0.2,0.2,0.0,0.6,1.458,12522,3,3,9,106,79
0.3,0.7,0.0,0.0,1.457,12528,3,3,9,16,79
0.3,0.6,0.1,0.0,1.457,12528,3,3,9,9,79
0.3,0.6,0.0,0.1,1.457,12528,3,3,9,16,79
0.2,0.4,0.1,0.3,1.457,12528,3,3,9,26,79
0.2,0.7,0.1,0.0,1.457,12530,3,3,9,7,79
0.1,0.5,0.0,0.4,1.457,12532,3,3,9,93,79
0.1,0.4,0.4,0.1,1.457,12531,4,4,9,16,79
0.1,0.4,0.3,0.2,1.457,12531,3,4,9,18,79
0.1,0.4,0.2,0.3,1.457,12531,3,3,9,26,79
0.1,0.4,0.1,0.4,1.457,12531,3,3,9,58,79
0.1,0.4,0.0,0.5,1.457,12531,3,3,9,105,79
0.1,0.3,0.6,0.0,1.457,12530,4,4,9,33,79
0.1,0.3,0.5,0.1,1.457,12530,4,4,9,23,79
0.1,0.3,0.4,0.2,1.457,12530,4,4,9,18,79
0.1,0.3,0.3,0.3,1.457,12530,4,4,9,26,79
0.1,0.3,0.2,0.4,1.457,12530,3,4,9,38,79
0.1,0.3,0.1,0.5,1.457,12530,3,3,9,76,79
0.1,0.3,0.0,0.6,1.457,12530,3,3,9,117,79
0.1,0.2,0.7,0.0,1.457,12528,4,4,9,40,79
0.1,0.2,0.6,0.1,1.457,12528,4,4,9,34,79
0.1,0.2,0.5,0.2,1.457,12528,4,4,9,25,79
0.1,0.2,0.4,0.3,1.457,12528,4,4,9,24,79
0.1,0.2,0.3,0.4,1.457,12528,4,4,9,30,79
0.1,0.2,0.2,0.5,1.457,12528,4,4,9,52,79
0.1,0.2,0.1,0.6,1.457,12528,3,3,9,96,79
0.1,0.2,0.0,0.7,1.457,12528,3,3,9,129,79
0.2,0.7,0.0,0.1,1.457,12530,3,3,9,20,79
0.1,0.4,0.5,0.0,1.457,12531,4,4,9,21,79
0.1,0.5,0.1,0.3,1.457,12532,3,3,9,35,79
0.2,0.4,0.0,0.4,1.457,12528,3,3,9,74,79
0.2,0.6,0.2,0.0,1.457,12530,3,3,9,8,79
0.2,0.6,0.0,0.2,1.457,12530,3,3,9,33,79
0.2,0.5,0.3,0.0,1.457,12528,3,3,9,10,79
0.2,0.5,0.2,0.1,1.457,12528,3,3,9,11,79
0.2,0.5,0.1,0.2,1.457,12528,3,3,9,14,79
0.2,0.5,0.0,0.3,1.457,12528,3,3,9,49,79
0.2,0.4,0.4,0.0,1.457,12528,4,4,9,10,79
0.2,0.4,0.3,0.1,1.457,12528,3,4,9,13,79
0.2,0.4,0.2,0.2,1.457,12528,3,3,9,12,79
0.1,0.5,0.2,0.2,1.457,12532,3,3,9,18,79
0.2,0.6,0.1,0.1,1.457,12530,3,3,9,9,79
0.1,0.7,0.2,0.0,1.457,12532,3,3,9,7,79
0.1,0.7,0.1,0.1,1.457,12532,3,3,9,12,79
0.1,0.7,0.0,0.2,1.457,12532,3,3,9,48,79
0.1,0.6,0.3,0.0,1.457,12532,3,3,9,10,79
0.1,0.6,0.2,0.1,1.457,12532,3,3,9,12,79
0.1,0.6,0.1,0.2,1.457,12532,3,3,9,19,79
0.1,0.6,0.0,0.3,1.457,12532,3,3,9,70,79
0.1,0.5,0.4,0.0,1.457,12532,3,4,9,13,79
0.1,0.5,0.3,0.1,1.457,12532,3,3,9,14,79
0.0,0.0,0.7,0.3,0.821,22251,4,5,9,66,79
0.0,0.0,0.5,0.5,0.821,22251,4,5,9,57,79
0.0,0.0,0.6,0.4,0.821,22251,4,5,9,57,79
0.0,0.0,0.3,0.7,0.821,22251,4,5,9,97,79
0.0,0.0,0.4,0.6,0.821,22251,4,5,9,70,79
0.0,0.7,0.3,0.0,0.753,24262,3,3,7,27,79
0.0,0.5,0.5,0.0,0.753,24262,4,4,7,42,79
0.0,0.6,0.4,0.0,0.753,24262,3,3,7,37,79
0.0,0.3,0.7,0.0,0.753,24262,4,4,7,49,79
0.0,0.4,0.6,0.0,0.753,24262,4,4,7,47,79
0.0,0.1,0.2,0.7,0.752,24292,4,4,8,106,79
0.0,0.1,0.3,0.6,0.752,24292,4,4,8,76,79
0.0,0.7,0.2,0.1,0.752,24292,3,3,8,24,79
0.0,0.3,0.0,0.7,0.752,24290,3,3,8,144,79
0.0,0.2,0.7,0.1,0.752,24292,4,4,8,52,79
0.0,0.7,0.1,0.2,0.752,24292,3,3,8,36,79
0.0,0.2,0.6,0.2,0.752,24292,4,4,8,49,79
0.0,0.2,0.5,0.3,0.752,24292,4,4,8,44,79
0.0,0.2,0.4,0.4,0.752,24292,4,4,8,44,79
0.0,0.2,0.3,0.5,0.752,24292,4,4,8,60,79
0.0,0.2,0.2,0.6,0.752,24292,4,4,8,93,79
0.0,0.2,0.1,0.7,0.752,24292,3,3,8,121,79
0.0,0.3,0.2,0.5,0.752,24292,3,3,8,75,79
0.0,0.1,0.7,0.2,0.752,24292,4,4,8,56,79
0.0,0.1,0.6,0.3,0.752,24292,4,4,8,48,79
0.0,0.1,0.5,0.4,0.752,24292,4,4,8,46,79
0.0,0.1,0.4,0.5,0.752,24292,4,4,8,50,79
0.0,0.3,0.1,0.6,0.752,24292,3,3,8,108,79
0.0,0.7,0.0,0.3,0.752,24290,3,3,8,93,79
0.0,0.3,0.3,0.4,0.752,24292,4,4,8,47,79
0.0,0.5,0.1,0.4,0.752,24292,3,3,8,72,79
0.0,0.6,0.3,0.1,0.752,24292,3,3,8,27,79
0.0,0.6,0.2,0.2,0.752,24292,3,3,8,29,79
0.0,0.6,0.1,0.3,0.752,24292,3,3,8,57,79
0.0,0.6,0.0,0.4,0.752,24290,3,3,8,115,79
0.0,0.5,0.4,0.1,0.752,24292,3,4,8,33,79
0.0,0.5,0.3,0.2,0.752,24292,3,3,8,34,79
0.0,0.5,0.2,0.3,0.752,24292,3,3,8,38,79
0.0,0.5,0.0,0.5,0.752,24290,3,3,8,128,79
0.0,0.3,0.5,0.2,0.752,24292,4,4,8,39,79
0.0,0.4,0.5,0.1,0.752,24292,4,4,8,44,79
0.0,0.4,0.4,0.2,0.752,24292,4,4,8,36,79
0.0,0.4,0.3,0.3,0.752,24292,3,4,8,35,79
0.0,0.4,0.2,0.4,0.752,24292,3,3,8,58,79
0.0,0.4,0.1,0.5,0.752,24292,3,3,8,95,79
0.0,0.4,0.0,0.6,0.752,24290,3,3,8,138,79
0.0,0.3,0.6,0.1,0.752,24292,4,4,8,50,79
0.0,0.3,0.4,0.3,0.752,24292,4,4,8,39,79
