gene,pathway_count,top_pathways
ENSG00000168079.17,19,response to stimulus (GO:BP); monoatomic ion transport (GO:BP); transmembrane transport (GO:BP); inorganic ion transmembrane transport (GO:BP); Binding and Uptake of Ligands by Scavenger Receptors (REAC)
ENSG00000141338.14,7,transmembrane transport (GO:BP); biological regulation (GO:BP); transport (GO:BP); positive regulation of biological process (GO:BP); regulation of biological process (GO:BP)
ENSG00000196616.14,4,regulation of biological quality (GO:BP); biological regulation (GO:BP); regulation of hormone levels (GO:BP); hormone metabolic process (GO:BP)
ENSG00000182271.13,27,multicellular organismal process (GO:BP); anatomical structure development (GO:BP); response to stimulus (GO:BP); developmental process (GO:BP); system development (GO:BP)
ENSG00000251026.2,0,
ENSG00000230316.7,0,
ENSG00000100604.13,27,multicellular organismal process (GO:BP); response to stimulus (GO:BP); regulation of biological quality (GO:BP); cell-cell signaling (GO:BP); cellular response to chemical stimulus (GO:BP)
ENSG00000079689.14,24,regulation of biological quality (GO:BP); cell-cell signaling (GO:BP); chemical synaptic transmission (GO:BP); anterograde trans-synaptic signaling (GO:BP); synaptic signaling (GO:BP)
ENSG00000174992.8,3,response to stimulus (GO:BP); transport (GO:BP); establishment of localization (GO:BP)
ENSG00000171714.12,10,response to stimulus (GO:BP); monoatomic ion transport (GO:BP); transmembrane transport (GO:BP); inorganic ion transmembrane transport (GO:BP); transport (GO:BP)
ENSG00000214039.9,0,
ENSG00000104435.14,23,multicellular organismal process (GO:BP); anatomical structure development (GO:BP); response to stimulus (GO:BP); developmental process (GO:BP); system development (GO:BP)
ENSG00000180875.5,18,multicellular organismal process (GO:BP); anatomical structure development (GO:BP); response to stimulus (GO:BP); developmental process (GO:BP); multicellular organism development (GO:BP)
ENSG00000167755.15,30,multicellular organismal process (GO:BP); anatomical structure development (GO:BP); response to stimulus (GO:BP); developmental process (GO:BP); system development (GO:BP)
ENSG00000183034.13,9,monoatomic ion transport (GO:BP); transmembrane transport (GO:BP); inorganic ion transmembrane transport (GO:BP); transport (GO:BP); monoatomic ion transmembrane transport (GO:BP)
ENSG00000231172.2,0,
ENSG00000065325.13,22,response to stimulus (GO:BP); cellular response to chemical stimulus (GO:BP); response to chemical (GO:BP); biological regulation (GO:BP); cell communication (GO:BP)
ENSG00000152785.8,18,multicellular organismal process (GO:BP); anatomical structure development (GO:BP); response to stimulus (GO:BP); developmental process (GO:BP); system development (GO:BP)
ENSG00000162706.13,1,cell adhesion (GO:BP)
ENSG00000091138.13,31,anatomical structure development (GO:BP); response to stimulus (GO:BP); developmental process (GO:BP); regulation of biological quality (GO:BP); cellular response to chemical stimulus (GO:BP)
ENSG00000168748.14,32,regulation of biological quality (GO:BP); cell-cell signaling (GO:BP); chemical synaptic transmission (GO:BP); anterograde trans-synaptic signaling (GO:BP); synaptic signaling (GO:BP)
ENSG00000128610.12,41,multicellular organismal process (GO:BP); anatomical structure development (GO:BP); developmental process (GO:BP); system development (GO:BP); multicellular organism development (GO:BP)
ENSG00000016490.16,16,response to stimulus (GO:BP); cellular response to chemical stimulus (GO:BP); monoatomic ion transport (GO:BP); transmembrane transport (GO:BP); inorganic ion transmembrane transport (GO:BP)
ENSG00000167434.10,5,transport (GO:BP); Reversible hydration of carbon dioxide (REAC); Nitrogen metabolism (KEGG); bicarbonate transport (GO:BP); establishment of localization (GO:BP)
ENSG00000044012.4,8,response to stimulus (GO:BP); biological regulation (GO:BP); cell communication (GO:BP); signaling (GO:BP); cellular response to stimulus (GO:BP)
ENSG00000159263.16,12,multicellular organismal process (GO:BP); anatomical structure development (GO:BP); developmental process (GO:BP); system development (GO:BP); multicellular organism development (GO:BP)
ENSG00000133742.14,2,Reversible hydration of carbon dioxide (REAC); Nitrogen metabolism (KEGG)
ENSG00000185269.12,18,multicellular organismal process (GO:BP); anatomical structure development (GO:BP); response to stimulus (GO:BP); developmental process (GO:BP); system development (GO:BP)
ENSG00000080493.18,31,multicellular organismal process (GO:BP); regulation of biological quality (GO:BP); monoatomic ion transport (GO:BP); system process (GO:BP); transmembrane transport (GO:BP)
ENSG00000131096.10,18,multicellular organismal process (GO:BP); anatomical structure development (GO:BP); response to stimulus (GO:BP); developmental process (GO:BP); system development (GO:BP)
ENSG00000016602.9,10,monoatomic ion transport (GO:BP); transmembrane transport (GO:BP); inorganic ion transmembrane transport (GO:BP); transport (GO:BP); monoatomic ion transmembrane transport (GO:BP)
ENSG00000174015.10,0,
ENSG00000197273.4,8,response to stimulus (GO:BP); biological regulation (GO:BP); cell communication (GO:BP); signaling (GO:BP); cellular response to stimulus (GO:BP)
ENSG00000261650.1,0,
ENSG00000169432.18,26,multicellular organismal process (GO:BP); anatomical structure development (GO:BP); response to stimulus (GO:BP); developmental process (GO:BP); multicellular organism development (GO:BP)
ENSG00000248144.6,4,regulation of biological quality (GO:BP); biological regulation (GO:BP); regulation of hormone levels (GO:BP); hormone metabolic process (GO:BP)
ENSG00000166292.12,30,multicellular organismal process (GO:BP); anatomical structure development (GO:BP); response to stimulus (GO:BP); developmental process (GO:BP); system development (GO:BP)
ENSG00000175497.17,18,monoatomic ion transport (GO:BP); transmembrane transport (GO:BP); inorganic ion transmembrane transport (GO:BP); biological regulation (GO:BP); transport (GO:BP)
ENSG00000106809.11,15,multicellular organismal process (GO:BP); anatomical structure development (GO:BP); response to stimulus (GO:BP); developmental process (GO:BP); system development (GO:BP)
ENSG00000170419.11,14,response to stimulus (GO:BP); developmental process (GO:BP); cell differentiation (GO:BP); cellular developmental process (GO:BP); biological regulation (GO:BP)
ENSG00000232679.2,0,
ENSG00000030304.14,35,multicellular organismal process (GO:BP); anatomical structure development (GO:BP); response to stimulus (GO:BP); developmental process (GO:BP); system development (GO:BP)
ENSG00000100448.4,35,multicellular organismal process (GO:BP); response to stimulus (GO:BP); regulation of biological quality (GO:BP); cellular response to chemical stimulus (GO:BP); system process (GO:BP)
ENSG00000104332.12,62,multicellular organismal process (GO:BP); anatomical structure development (GO:BP); response to stimulus (GO:BP); developmental process (GO:BP); system development (GO:BP)
ENSG00000170381.14,55,multicellular organismal process (GO:BP); anatomical structure development (GO:BP); response to stimulus (GO:BP); developmental process (GO:BP); system development (GO:BP)
ENSG00000269404.7,5,biological regulation (GO:BP); positive regulation of biological process (GO:BP); regulation of biological process (GO:BP); positive regulation of cellular process (GO:BP); regulation of cellular process (GO:BP)
ENSG00000123500.10,8,multicellular organismal process (GO:BP); anatomical structure development (GO:BP); developmental process (GO:BP); system development (GO:BP); multicellular organism development (GO:BP)
ENSG00000169035.12,12,anatomical structure development (GO:BP); response to stimulus (GO:BP); developmental process (GO:BP); biological regulation (GO:BP); extracellular matrix organization (GO:BP)
ENSG00000164530.15,17,multicellular organismal process (GO:BP); anatomical structure development (GO:BP); response to stimulus (GO:BP); developmental process (GO:BP); system development (GO:BP)
ENSG00000165072.10,6,multicellular organismal process (GO:BP); anatomical structure development (GO:BP); developmental process (GO:BP); system development (GO:BP); multicellular organism development (GO:BP)
ENSG00000186462.9,19,multicellular organismal process (GO:BP); anatomical structure development (GO:BP); developmental process (GO:BP); system development (GO:BP); multicellular organism development (GO:BP)
ENSG00000111846.19,34,multicellular organismal process (GO:BP); anatomical structure development (GO:BP); response to stimulus (GO:BP); developmental process (GO:BP); multicellular organism development (GO:BP)
ENSG00000135220.11,5,regulation of biological quality (GO:BP); biological regulation (GO:BP); Bile secretion (KEGG); regulation of hormone levels (GO:BP); hormone metabolic process (GO:BP)
ENSG00000198121.13,51,multicellular organismal process (GO:BP); anatomical structure development (GO:BP); response to stimulus (GO:BP); developmental process (GO:BP); system development (GO:BP)
ENSG00000123560.14,56,multicellular organismal process (GO:BP); anatomical structure development (GO:BP); response to stimulus (GO:BP); developmental process (GO:BP); system development (GO:BP)
ENSG00000166869.3,15,response to stimulus (GO:BP); cellular response to chemical stimulus (GO:BP); response to chemical (GO:BP); biological regulation (GO:BP); cell communication (GO:BP)
ENSG00000115263.15,36,multicellular organismal process (GO:BP); response to stimulus (GO:BP); behavior (GO:BP); regulation of biological quality (GO:BP); cell-cell signaling (GO:BP)
ENSG00000142959.5,10,monoatomic ion transport (GO:BP); transmembrane transport (GO:BP); inorganic ion transmembrane transport (GO:BP); transport (GO:BP); monoatomic ion transmembrane transport (GO:BP)
ENSG00000226320.6,0,
ENSG00000113805.8,2,ADHD and autism ASD pathways (WP); cell adhesion (GO:BP)
ENSG00000172987.13,8,biological regulation (GO:BP); extracellular matrix organization (GO:BP); extracellular structure organization (GO:BP); external encapsulating structure organization (GO:BP); positive regulation of biological process (GO:BP)
ENSG00000147724.12,0,
ENSG00000104112.9,0,
ENSG00000166206.15,40,multicellular organismal process (GO:BP); anatomical structure development (GO:BP); response to stimulus (GO:BP); developmental process (GO:BP); system development (GO:BP)
ENSG00000146469.13,19,response to stimulus (GO:BP); regulation of biological quality (GO:BP); cell-cell signaling (GO:BP); biological regulation (GO:BP); cell communication (GO:BP)
ENSG00000244355.7,15,response to stimulus (GO:BP); cell-cell signaling (GO:BP); cellular response to chemical stimulus (GO:BP); synaptic signaling (GO:BP); response to chemical (GO:BP)
ENSG00000129455.15,31,multicellular organismal process (GO:BP); anatomical structure development (GO:BP); response to stimulus (GO:BP); developmental process (GO:BP); system development (GO:BP)
ENSG00000108381.11,20,multicellular organismal process (GO:BP); anatomical structure development (GO:BP); developmental process (GO:BP); system development (GO:BP); multicellular organism development (GO:BP)
ENSG00000153993.13,46,multicellular organismal process (GO:BP); anatomical structure development (GO:BP); response to stimulus (GO:BP); developmental process (GO:BP); system development (GO:BP)
ENSG00000164270.18,35,multicellular organismal process (GO:BP); anatomical structure development (GO:BP); response to stimulus (GO:BP); developmental process (GO:BP); system development (GO:BP)
ENSG00000167080.9,12,anatomical structure development (GO:BP); developmental process (GO:BP); animal organ development (GO:BP); cell differentiation (GO:BP); cellular developmental process (GO:BP)
ENSG00000153446.16,0,
ENSG00000060718.22,17,multicellular organismal process (GO:BP); anatomical structure development (GO:BP); response to stimulus (GO:BP); developmental process (GO:BP); system development (GO:BP)
ENSG00000071203.9,9,response to stimulus (GO:BP); biological regulation (GO:BP); cell communication (GO:BP); signaling (GO:BP); cell surface receptor signaling pathway (GO:BP)
ENSG00000265519.1,0,
ENSG00000175785.13,0,
ENSG00000108231.14,41,multicellular organismal process (GO:BP); anatomical structure development (GO:BP); developmental process (GO:BP); system development (GO:BP); multicellular organism development (GO:BP)
ENSG00000168546.11,15,multicellular organismal process (GO:BP); anatomical structure development (GO:BP); response to stimulus (GO:BP); developmental process (GO:BP); system development (GO:BP)
ENSG00000276122.1,0,
ENSG00000108244.17,5,anatomical structure development (GO:BP); developmental process (GO:BP); cell differentiation (GO:BP); cellular developmental process (GO:BP); tissue development (GO:BP)
ENSG00000179915.24,75,multicellular organismal process (GO:BP); anatomical structure development (GO:BP); response to stimulus (GO:BP); developmental process (GO:BP); system development (GO:BP)
ENSG00000104059.4,0,
ENSG00000164379.7,11,multicellular organismal process (GO:BP); anatomical structure development (GO:BP); developmental process (GO:BP); animal organ development (GO:BP); cell differentiation (GO:BP)
ENSG00000198597.9,25,multicellular organismal process (GO:BP); anatomical structure development (GO:BP); response to stimulus (GO:BP); developmental process (GO:BP); system development (GO:BP)
ENSG00000198488.10,0,
ENSG00000169862.19,32,multicellular organismal process (GO:BP); anatomical structure development (GO:BP); response to stimulus (GO:BP); developmental process (GO:BP); system development (GO:BP)
ENSG00000103375.11,22,multicellular organismal process (GO:BP); anatomical structure development (GO:BP); response to stimulus (GO:BP); developmental process (GO:BP); cellular response to chemical stimulus (GO:BP)
ENSG00000162670.11,28,multicellular organismal process (GO:BP); anatomical structure development (GO:BP); response to stimulus (GO:BP); developmental process (GO:BP); system development (GO:BP)
ENSG00000064205.10,18,response to stimulus (GO:BP); developmental process (GO:BP); cell-cell signaling (GO:BP); cell differentiation (GO:BP); cellular developmental process (GO:BP)
ENSG00000211890.4,15,multicellular organismal process (GO:BP); response to stimulus (GO:BP); system process (GO:BP); biological regulation (GO:BP); cell communication (GO:BP)
ENSG00000156284.6,2,cell adhesion (GO:BP); cell junction organization (GO:BP)
ENSG00000125851.10,10,multicellular organismal process (GO:BP); anatomical structure development (GO:BP); developmental process (GO:BP); system development (GO:BP); multicellular organism development (GO:BP)
ENSG00000170373.8,6,multicellular organismal process (GO:BP); response to stimulus (GO:BP); system process (GO:BP); response to chemical (GO:BP); Salivary secretion (KEGG)
ENSG00000092009.10,32,multicellular organismal process (GO:BP); anatomical structure development (GO:BP); response to stimulus (GO:BP); developmental process (GO:BP); system development (GO:BP)
ENSG00000109182.12,17,multicellular organismal process (GO:BP); anatomical structure development (GO:BP); developmental process (GO:BP); system development (GO:BP); multicellular organism development (GO:BP)
ENSG00000249550.7,0,
ENSG00000185432.12,7,multicellular organismal process (GO:BP); anatomical structure development (GO:BP); developmental process (GO:BP); animal organ development (GO:BP); cell differentiation (GO:BP)
ENSG00000235026.6,0,
ENSG00000111404.7,0,
ENSG00000147655.12,27,multicellular organismal process (GO:BP); anatomical structure development (GO:BP); response to stimulus (GO:BP); developmental process (GO:BP); system development (GO:BP)
ENSG00000089199.10,8,response to stimulus (GO:BP); biological regulation (GO:BP); cell communication (GO:BP); signaling (GO:BP); cellular response to stimulus (GO:BP)
ENSG00000034971.17,38,multicellular organismal process (GO:BP); anatomical structure development (GO:BP); response to stimulus (GO:BP); developmental process (GO:BP); system development (GO:BP)
ENSG00000137727.12,8,response to stimulus (GO:BP); biological regulation (GO:BP); cell communication (GO:BP); signaling (GO:BP); cellular response to stimulus (GO:BP)
ENSG00000196660.11,35,response to stimulus (GO:BP); cellular response to chemical stimulus (GO:BP); monoatomic ion transport (GO:BP); transmembrane transport (GO:BP); inorganic ion transmembrane transport (GO:BP)
ENSG00000168447.11,42,multicellular organismal process (GO:BP); response to stimulus (GO:BP); developmental process (GO:BP); regulation of biological quality (GO:BP); cellular response to chemical stimulus (GO:BP)
ENSG00000150471.16,26,multicellular organismal process (GO:BP); anatomical structure development (GO:BP); response to stimulus (GO:BP); developmental process (GO:BP); system development (GO:BP)
ENSG00000163586.10,15,multicellular organismal process (GO:BP); response to stimulus (GO:BP); cellular response to chemical stimulus (GO:BP); system process (GO:BP); response to chemical (GO:BP)
ENSG00000163815.6,10,multicellular organismal process (GO:BP); anatomical structure development (GO:BP); developmental process (GO:BP); animal organ development (GO:BP); biological regulation (GO:BP)
ENSG00000176490.5,8,response to stimulus (GO:BP); biological regulation (GO:BP); cell communication (GO:BP); signaling (GO:BP); cellular response to stimulus (GO:BP)
ENSG00000198074.10,10,response to stimulus (GO:BP); regulation of biological quality (GO:BP); cellular response to chemical stimulus (GO:BP); response to chemical (GO:BP); biological regulation (GO:BP)
ENSG00000122756.15,20,multicellular organismal process (GO:BP); anatomical structure development (GO:BP); response to stimulus (GO:BP); developmental process (GO:BP); system development (GO:BP)
ENSG00000173237.4,0,
ENSG00000143171.13,21,response to stimulus (GO:BP); developmental process (GO:BP); cellular response to chemical stimulus (GO:BP); cell differentiation (GO:BP); cellular developmental process (GO:BP)
ENSG00000183690.13,21,multicellular organismal process (GO:BP); anatomical structure development (GO:BP); response to stimulus (GO:BP); developmental process (GO:BP); system development (GO:BP)
ENSG00000186198.4,11,regulation of biological quality (GO:BP); transmembrane transport (GO:BP); biological regulation (GO:BP); Bile secretion (KEGG); transport (GO:BP)
ENSG00000245694.10,0,
ENSG00000228742.11,0,
ENSG00000073737.17,9,anatomical structure development (GO:BP); developmental process (GO:BP); regulation of biological quality (GO:BP); cell differentiation (GO:BP); cellular developmental process (GO:BP)
ENSG00000226306.6,0,
ENSG00000196260.5,0,
ENSG00000139800.8,12,multicellular organismal process (GO:BP); anatomical structure development (GO:BP); developmental process (GO:BP); system development (GO:BP); multicellular organism development (GO:BP)
ENSG00000136546.16,30,multicellular organismal process (GO:BP); response to stimulus (GO:BP); regulation of biological quality (GO:BP); cellular response to chemical stimulus (GO:BP); monoatomic ion transport (GO:BP)
ENSG00000101441.4,9,multicellular organismal process (GO:BP); response to stimulus (GO:BP); system process (GO:BP); response to chemical (GO:BP); biological regulation (GO:BP)
ENSG00000240498.9,3,biological regulation (GO:BP); regulation of biological process (GO:BP); regulation of cellular process (GO:BP)
ENSG00000286042.1,0,
ENSG00000135218.19,42,multicellular organismal process (GO:BP); anatomical structure development (GO:BP); response to stimulus (GO:BP); developmental process (GO:BP); system development (GO:BP)
ENSG00000154165.5,23,multicellular organismal process (GO:BP); anatomical structure development (GO:BP); response to stimulus (GO:BP); developmental process (GO:BP); system development (GO:BP)
ENSG00000082397.17,26,multicellular organismal process (GO:BP); anatomical structure development (GO:BP); developmental process (GO:BP); system development (GO:BP); multicellular organism development (GO:BP)
ENSG00000179914.5,11,response to stimulus (GO:BP); transmembrane transport (GO:BP); biological regulation (GO:BP); transport (GO:BP); positive regulation of biological process (GO:BP)
ENSG00000124205.18,78,multicellular organismal process (GO:BP); anatomical structure development (GO:BP); response to stimulus (GO:BP); developmental process (GO:BP); system development (GO:BP)
ENSG00000250641.1,0,
ENSG00000233532.6,0,
ENSG00000178773.15,4,response to stimulus (GO:BP); cellular response to chemical stimulus (GO:BP); response to chemical (GO:BP); cellular response to stimulus (GO:BP)
ENSG00000233670.7,3,multicellular organismal process (GO:BP); response to stimulus (GO:BP); behavior (GO:BP)
ENSG00000113594.10,12,response to stimulus (GO:BP); response to chemical (GO:BP); biological regulation (GO:BP); cell communication (GO:BP); signaling (GO:BP)
ENSG00000176399.4,10,multicellular organismal process (GO:BP); anatomical structure development (GO:BP); developmental process (GO:BP); system development (GO:BP); multicellular organism development (GO:BP)
ENSG00000132465.12,10,multicellular organismal process (GO:BP); response to stimulus (GO:BP); system process (GO:BP); biological regulation (GO:BP); Binding and Uptake of Ligands by Scavenger Receptors (REAC)
ENSG00000179277.9,0,
ENSG00000101938.15,32,multicellular organismal process (GO:BP); anatomical structure development (GO:BP); response to stimulus (GO:BP); developmental process (GO:BP); system development (GO:BP)
ENSG00000135549.15,5,biological regulation (GO:BP); positive regulation of biological process (GO:BP); regulation of biological process (GO:BP); positive regulation of cellular process (GO:BP); regulation of cellular process (GO:BP)
ENSG00000167767.14,7,multicellular organismal process (GO:BP); anatomical structure development (GO:BP); developmental process (GO:BP); animal organ development (GO:BP); cell differentiation (GO:BP)
ENSG00000127951.8,14,multicellular organismal process (GO:BP); anatomical structure development (GO:BP); response to stimulus (GO:BP); developmental process (GO:BP); multicellular organism development (GO:BP)
ENSG00000111863.13,36,multicellular organismal process (GO:BP); anatomical structure development (GO:BP); response to stimulus (GO:BP); developmental process (GO:BP); system development (GO:BP)
ENSG00000170091.11,16,response to stimulus (GO:BP); regulation of biological quality (GO:BP); cellular response to chemical stimulus (GO:BP); response to chemical (GO:BP); biological regulation (GO:BP)
ENSG00000104371.5,18,multicellular organismal process (GO:BP); anatomical structure development (GO:BP); response to stimulus (GO:BP); developmental process (GO:BP); multicellular organism development (GO:BP)
ENSG00000171408.14,14,response to stimulus (GO:BP); cell-cell signaling (GO:BP); chemical synaptic transmission (GO:BP); anterograde trans-synaptic signaling (GO:BP); synaptic signaling (GO:BP)
ENSG00000260573.4,0,
ENSG00000165495.16,3,biological regulation (GO:BP); regulation of biological process (GO:BP); regulation of cellular process (GO:BP)
ENSG00000157005.4,31,multicellular organismal process (GO:BP); response to stimulus (GO:BP); regulation of biological quality (GO:BP); cell-cell signaling (GO:BP); cellular response to chemical stimulus (GO:BP)
ENSG00000141668.10,25,multicellular organismal process (GO:BP); anatomical structure development (GO:BP); developmental process (GO:BP); system development (GO:BP); multicellular organism development (GO:BP)
ENSG00000133878.9,11,response to stimulus (GO:BP); biological regulation (GO:BP); cell communication (GO:BP); signaling (GO:BP); cell adhesion (GO:BP)
ENSG00000224099.2,0,
ENSG00000176533.13,17,multicellular organismal process (GO:BP); response to stimulus (GO:BP); behavior (GO:BP); locomotory behavior (GO:BP); biological regulation (GO:BP)
ENSG00000138722.10,10,multicellular organismal process (GO:BP); response to stimulus (GO:BP); regulation of biological quality (GO:BP); biological regulation (GO:BP); cell adhesion (GO:BP)
ENSG00000231246.2,0,
ENSG00000164303.11,0,
ENSG00000242366.3,17,multicellular organismal process (GO:BP); anatomical structure development (GO:BP); response to stimulus (GO:BP); developmental process (GO:BP); system development (GO:BP)
ENSG00000148483.9,0,
ENSG00000242515.5,14,multicellular organismal process (GO:BP); anatomical structure development (GO:BP); response to stimulus (GO:BP); developmental process (GO:BP); system development (GO:BP)
ENSG00000134121.10,42,multicellular organismal process (GO:BP); anatomical structure development (GO:BP); response to stimulus (GO:BP); developmental process (GO:BP); system development (GO:BP)
ENSG00000205038.12,4,multicellular organismal process (GO:BP); response to stimulus (GO:BP); system process (GO:BP); nervous system process (GO:BP)
ENSG00000039987.7,19,multicellular organismal process (GO:BP); regulation of biological quality (GO:BP); monoatomic ion transport (GO:BP); system process (GO:BP); transmembrane transport (GO:BP)
ENSG00000169347.17,7,multicellular organismal process (GO:BP); response to stimulus (GO:BP); cell migration (GO:BP); transport (GO:BP); leukocyte migration (GO:BP)
ENSG00000188175.10,0,
ENSG00000169860.7,57,multicellular organismal process (GO:BP); anatomical structure development (GO:BP); response to stimulus (GO:BP); developmental process (GO:BP); system development (GO:BP)
ENSG00000163497.3,20,multicellular organismal process (GO:BP); anatomical structure development (GO:BP); developmental process (GO:BP); system development (GO:BP); multicellular organism development (GO:BP)
ENSG00000226629.1,0,
ENSG00000133800.9,19,anatomical structure development (GO:BP); response to stimulus (GO:BP); developmental process (GO:BP); biological regulation (GO:BP); anatomical structure morphogenesis (GO:BP)
ENSG00000163710.9,2,response to stimulus (GO:BP); response to chemical (GO:BP)
ENSG00000276855.1,0,
ENSG00000236452.1,0,
ENSG00000119147.10,12,multicellular organismal process (GO:BP); anatomical structure development (GO:BP); response to stimulus (GO:BP); developmental process (GO:BP); system development (GO:BP)
ENSG00000172572.7,36,multicellular organismal process (GO:BP); anatomical structure development (GO:BP); response to stimulus (GO:BP); developmental process (GO:BP); regulation of biological quality (GO:BP)
ENSG00000118432.12,62,multicellular organismal process (GO:BP); anatomical structure development (GO:BP); response to stimulus (GO:BP); developmental process (GO:BP); system development (GO:BP)
ENSG00000114200.10,39,multicellular organismal process (GO:BP); anatomical structure development (GO:BP); response to stimulus (GO:BP); developmental process (GO:BP); system development (GO:BP)
ENSG00000103888.17,33,multicellular organismal process (GO:BP); monoatomic ion transport (GO:BP); system process (GO:BP); transmembrane transport (GO:BP); inorganic ion transmembrane transport (GO:BP)
ENSG00000088992.18,41,multicellular organismal process (GO:BP); anatomical structure development (GO:BP); response to stimulus (GO:BP); developmental process (GO:BP); multicellular organism development (GO:BP)
ENSG00000267073.1,0,
ENSG00000175161.14,1,cell adhesion (GO:BP)
ENSG00000166391.15,2,multicellular organismal process (GO:BP); system process (GO:BP)
ENSG00000205683.11,19,multicellular organismal process (GO:BP); anatomical structure development (GO:BP); response to stimulus (GO:BP); developmental process (GO:BP); system development (GO:BP)
ENSG00000172318.5,0,
ENSG00000121871.4,44,multicellular organismal process (GO:BP); anatomical structure development (GO:BP); developmental process (GO:BP); system development (GO:BP); multicellular organism development (GO:BP)
ENSG00000171243.8,22,multicellular organismal process (GO:BP); anatomical structure development (GO:BP); response to stimulus (GO:BP); developmental process (GO:BP); multicellular organism development (GO:BP)
ENSG00000139910.20,11,multicellular organismal process (GO:BP); anatomical structure development (GO:BP); developmental process (GO:BP); system development (GO:BP); multicellular organism development (GO:BP)
ENSG00000204936.10,22,multicellular organismal process (GO:BP); response to stimulus (GO:BP); biological regulation (GO:BP); cell communication (GO:BP); signaling (GO:BP)
ENSG00000156298.13,1,Neuronal System (REAC)
ENSG00000187783.12,0,
ENSG00000062038.14,36,multicellular organismal process (GO:BP); anatomical structure development (GO:BP); response to stimulus (GO:BP); developmental process (GO:BP); multicellular organism development (GO:BP)
ENSG00000100146.18,44,multicellular organismal process (GO:BP); anatomical structure development (GO:BP); response to stimulus (GO:BP); developmental process (GO:BP); system development (GO:BP)
ENSG00000137673.9,18,response to stimulus (GO:BP); response to chemical (GO:BP); biological regulation (GO:BP); cell migration (GO:BP); transport (GO:BP)
ENSG00000197085.11,0,
ENSG00000078596.11,10,multicellular organismal process (GO:BP); anatomical structure development (GO:BP); response to stimulus (GO:BP); developmental process (GO:BP); cell differentiation (GO:BP)
ENSG00000108018.15,10,response to stimulus (GO:BP); biological regulation (GO:BP); cell communication (GO:BP); signaling (GO:BP); transport (GO:BP)
ENSG00000104267.10,50,anatomical structure development (GO:BP); response to stimulus (GO:BP); developmental process (GO:BP); regulation of biological quality (GO:BP); cell-cell signaling (GO:BP)
ENSG00000170454.6,8,multicellular organismal process (GO:BP); anatomical structure development (GO:BP); developmental process (GO:BP); animal organ development (GO:BP); cell differentiation (GO:BP)
ENSG00000224269.1,0,
ENSG00000259823.6,1,response to stimulus (GO:BP)
ENSG00000134201.12,0,
ENSG00000243064.8,0,
ENSG00000050030.16,21,multicellular organismal process (GO:BP); anatomical structure development (GO:BP); developmental process (GO:BP); system development (GO:BP); multicellular organism development (GO:BP)
ENSG00000187699.10,0,
ENSG00000116194.13,9,response to stimulus (GO:BP); biological regulation (GO:BP); cell communication (GO:BP); signaling (GO:BP); cell surface receptor signaling pathway (GO:BP)
ENSG00000228705.2,0,
ENSG00000164283.13,17,multicellular organismal process (GO:BP); anatomical structure development (GO:BP); response to stimulus (GO:BP); developmental process (GO:BP); system development (GO:BP)
ENSG00000071991.9,8,anatomical structure development (GO:BP); developmental process (GO:BP); anatomical structure morphogenesis (GO:BP); cell migration (GO:BP); cell adhesion (GO:BP)
ENSG00000073711.11,31,multicellular organismal process (GO:BP); anatomical structure development (GO:BP); response to stimulus (GO:BP); developmental process (GO:BP); system development (GO:BP)
ENSG00000005249.13,30,multicellular organismal process (GO:BP); response to stimulus (GO:BP); behavior (GO:BP); cell-cell signaling (GO:BP); chemical synaptic transmission (GO:BP)
ENSG00000168309.18,38,multicellular organismal process (GO:BP); response to stimulus (GO:BP); regulation of biological quality (GO:BP); cell-cell signaling (GO:BP); cellular response to chemical stimulus (GO:BP)
ENSG00000263961.8,24,multicellular organismal process (GO:BP); anatomical structure development (GO:BP); response to stimulus (GO:BP); developmental process (GO:BP); multicellular organism development (GO:BP)
ENSG00000186007.10,0,
ENSG00000105609.17,9,response to stimulus (GO:BP); biological regulation (GO:BP); cell communication (GO:BP); signaling (GO:BP); cell surface receptor signaling pathway (GO:BP)
ENSG00000206579.9,6,anatomical structure development (GO:BP); developmental process (GO:BP); regulation of biological quality (GO:BP); biological regulation (GO:BP); transport (GO:BP)
ENSG00000175832.13,17,multicellular organismal process (GO:BP); anatomical structure development (GO:BP); developmental process (GO:BP); multicellular organism development (GO:BP); animal organ development (GO:BP)
ENSG00000168875.3,30,multicellular organismal process (GO:BP); anatomical structure development (GO:BP); response to stimulus (GO:BP); developmental process (GO:BP); system development (GO:BP)
ENSG00000007306.15,8,response to stimulus (GO:BP); biological regulation (GO:BP); cell communication (GO:BP); signaling (GO:BP); cellular response to stimulus (GO:BP)
ENSG00000112936.19,5,response to stimulus (GO:BP); biological regulation (GO:BP); positive regulation of biological process (GO:BP); regulation of biological process (GO:BP); Complement cascade (REAC)
ENSG00000156959.9,15,multicellular organismal process (GO:BP); anatomical structure development (GO:BP); developmental process (GO:BP); system development (GO:BP); multicellular organism development (GO:BP)
ENSG00000018236.15,52,multicellular organismal process (GO:BP); anatomical structure development (GO:BP); response to stimulus (GO:BP); developmental process (GO:BP); system development (GO:BP)
ENSG00000153253.19,20,multicellular organismal process (GO:BP); response to stimulus (GO:BP); behavior (GO:BP); regulation of biological quality (GO:BP); monoatomic ion transport (GO:BP)
ENSG00000213468.7,0,
ENSG00000162460.7,0,
ENSG00000164120.14,24,multicellular organismal process (GO:BP); anatomical structure development (GO:BP); response to stimulus (GO:BP); developmental process (GO:BP); system development (GO:BP)
ENSG00000169252.6,57,multicellular organismal process (GO:BP); anatomical structure development (GO:BP); response to stimulus (GO:BP); developmental process (GO:BP); multicellular organism development (GO:BP)
ENSG00000018625.15,70,multicellular organismal process (GO:BP); anatomical structure development (GO:BP); response to stimulus (GO:BP); developmental process (GO:BP); system development (GO:BP)
ENSG00000167912.6,0,
ENSG00000249162.1,0,
ENSG00000279756.1,0,
ENSG00000170954.11,3,biological regulation (GO:BP); regulation of biological process (GO:BP); regulation of cellular process (GO:BP)
ENSG00000153823.19,32,anatomical structure development (GO:BP); response to stimulus (GO:BP); developmental process (GO:BP); regulation of biological quality (GO:BP); cellular response to chemical stimulus (GO:BP)
ENSG00000163295.5,1,ADHD and autism ASD pathways (WP)
ENSG00000108405.4,49,multicellular organismal process (GO:BP); response to stimulus (GO:BP); behavior (GO:BP); regulation of biological quality (GO:BP); cell-cell signaling (GO:BP)
ENSG00000238042.5,0,
ENSG00000125675.18,34,response to stimulus (GO:BP); regulation of biological quality (GO:BP); cell-cell signaling (GO:BP); chemical synaptic transmission (GO:BP); anterograde trans-synaptic signaling (GO:BP)
ENSG00000019102.12,0,
ENSG00000224721.1,0,
ENSG00000145384.4,4,multicellular organismal process (GO:BP); system process (GO:BP); transport (GO:BP); establishment of localization (GO:BP)
ENSG00000160712.13,37,multicellular organismal process (GO:BP); anatomical structure development (GO:BP); response to stimulus (GO:BP); developmental process (GO:BP); system development (GO:BP)
ENSG00000185915.5,0,
ENSG00000249948.6,0,
ENSG00000197766.8,6,response to stimulus (GO:BP); biological regulation (GO:BP); positive regulation of biological process (GO:BP); regulation of biological process (GO:BP); Complement cascade (REAC)
ENSG00000171060.11,0,
ENSG00000163106.11,12,multicellular organismal process (GO:BP); response to stimulus (GO:BP); behavior (GO:BP); locomotory behavior (GO:BP); biological regulation (GO:BP)
ENSG00000197587.11,15,multicellular organismal process (GO:BP); anatomical structure development (GO:BP); developmental process (GO:BP); system development (GO:BP); multicellular organism development (GO:BP)
ENSG00000163145.13,0,
ENSG00000137077.8,52,multicellular organismal process (GO:BP); anatomical structure development (GO:BP); response to stimulus (GO:BP); developmental process (GO:BP); regulation of biological quality (GO:BP)
ENSG00000277586.4,60,multicellular organismal process (GO:BP); anatomical structure development (GO:BP); response to stimulus (GO:BP); developmental process (GO:BP); system development (GO:BP)
ENSG00000167916.5,5,anatomical structure development (GO:BP); developmental process (GO:BP); cell differentiation (GO:BP); cellular developmental process (GO:BP); tissue development (GO:BP)
ENSG00000247381.3,0,
ENSG00000138615.6,11,response to stimulus (GO:BP); biological regulation (GO:BP); cell communication (GO:BP); signaling (GO:BP); cellular response to endogenous stimulus (GO:BP)
ENSG00000109132.7,55,multicellular organismal process (GO:BP); anatomical structure development (GO:BP); response to stimulus (GO:BP); developmental process (GO:BP); system development (GO:BP)
ENSG00000173597.9,13,anatomical structure development (GO:BP); response to stimulus (GO:BP); developmental process (GO:BP); regulation of biological quality (GO:BP); cellular response to chemical stimulus (GO:BP)
ENSG00000154175.18,22,multicellular organismal process (GO:BP); anatomical structure development (GO:BP); response to stimulus (GO:BP); developmental process (GO:BP); system development (GO:BP)
ENSG00000119919.11,21,multicellular organismal process (GO:BP); anatomical structure development (GO:BP); response to stimulus (GO:BP); developmental process (GO:BP); system development (GO:BP)
ENSG00000099953.10,10,developmental process (GO:BP); cell differentiation (GO:BP); cellular developmental process (GO:BP); biological regulation (GO:BP); extracellular matrix organization (GO:BP)
ENSG00000137872.17,52,multicellular organismal process (GO:BP); anatomical structure development (GO:BP); response to stimulus (GO:BP); developmental process (GO:BP); system development (GO:BP)
ENSG00000047457.14,18,response to stimulus (GO:BP); cellular response to chemical stimulus (GO:BP); monoatomic ion transport (GO:BP); response to chemical (GO:BP); biological regulation (GO:BP)
ENSG00000152932.8,6,biological regulation (GO:BP); transport (GO:BP); regulation of biological process (GO:BP); regulation of transport (GO:BP); establishment of localization (GO:BP)
ENSG00000205364.4,12,response to stimulus (GO:BP); cellular response to chemical stimulus (GO:BP); response to chemical (GO:BP); biological regulation (GO:BP); cellular response to stimulus (GO:BP)
ENSG00000122641.11,53,multicellular organismal process (GO:BP); anatomical structure development (GO:BP); response to stimulus (GO:BP); developmental process (GO:BP); system development (GO:BP)
ENSG00000211895.5,15,multicellular organismal process (GO:BP); response to stimulus (GO:BP); system process (GO:BP); biological regulation (GO:BP); cell communication (GO:BP)
ENSG00000154721.15,28,multicellular organismal process (GO:BP); anatomical structure development (GO:BP); developmental process (GO:BP); system development (GO:BP); multicellular organism development (GO:BP)
ENSG00000147588.7,2,transport (GO:BP); establishment of localization (GO:BP)
ENSG00000171431.4,13,anatomical structure development (GO:BP); response to stimulus (GO:BP); developmental process (GO:BP); cell differentiation (GO:BP); cellular developmental process (GO:BP)
ENSG00000171819.5,15,multicellular organismal process (GO:BP); anatomical structure development (GO:BP); response to stimulus (GO:BP); developmental process (GO:BP); system development (GO:BP)
ENSG00000275395.6,0,
ENSG00000197565.16,15,response to stimulus (GO:BP); cellular response to chemical stimulus (GO:BP); response to chemical (GO:BP); biological regulation (GO:BP); cell communication (GO:BP)
ENSG00000254645.2,0,
ENSG00000188373.5,22,multicellular organismal process (GO:BP); response to stimulus (GO:BP); cellular response to chemical stimulus (GO:BP); response to chemical (GO:BP); biological regulation (GO:BP)
ENSG00000198846.6,29,multicellular organismal process (GO:BP); anatomical structure development (GO:BP); developmental process (GO:BP); system development (GO:BP); multicellular organism development (GO:BP)
ENSG00000271447.6,17,response to stimulus (GO:BP); cellular response to chemical stimulus (GO:BP); response to chemical (GO:BP); biological regulation (GO:BP); cell migration (GO:BP)
ENSG00000115507.10,16,multicellular organismal process (GO:BP); anatomical structure development (GO:BP); developmental process (GO:BP); system development (GO:BP); multicellular organism development (GO:BP)
ENSG00000181804.15,21,response to stimulus (GO:BP); regulation of biological quality (GO:BP); monoatomic ion transport (GO:BP); transmembrane transport (GO:BP); inorganic ion transmembrane transport (GO:BP)
ENSG00000137634.10,0,
ENSG00000204869.8,0,
ENSG00000142875.19,33,multicellular organismal process (GO:BP); anatomical structure development (GO:BP); response to stimulus (GO:BP); developmental process (GO:BP); system development (GO:BP)
ENSG00000132514.14,3,response to stimulus (GO:BP); transport (GO:BP); establishment of localization (GO:BP)
ENSG00000182938.7,9,monoatomic ion transport (GO:BP); transmembrane transport (GO:BP); inorganic ion transmembrane transport (GO:BP); transport (GO:BP); monoatomic ion transmembrane transport (GO:BP)
ENSG00000224650.2,1,response to stimulus (GO:BP)
ENSG00000112175.8,49,multicellular organismal process (GO:BP); anatomical structure development (GO:BP); response to stimulus (GO:BP); developmental process (GO:BP); system development (GO:BP)
ENSG00000236081.1,0,
ENSG00000107562.16,76,multicellular organismal process (GO:BP); anatomical structure development (GO:BP); response to stimulus (GO:BP); developmental process (GO:BP); system development (GO:BP)
ENSG00000066468.23,53,multicellular organismal process (GO:BP); anatomical structure development (GO:BP); response to stimulus (GO:BP); developmental process (GO:BP); system development (GO:BP)
ENSG00000213088.12,12,multicellular organismal process (GO:BP); response to stimulus (GO:BP); response to chemical (GO:BP); biological regulation (GO:BP); cell communication (GO:BP)
ENSG00000162461.8,4,multicellular organismal process (GO:BP); anatomical structure development (GO:BP); developmental process (GO:BP); multicellular organism development (GO:BP)
ENSG00000259417.3,0,
ENSG00000179314.14,0,
ENSG00000257277.2,0,
ENSG00000146013.11,37,multicellular organismal process (GO:BP); anatomical structure development (GO:BP); response to stimulus (GO:BP); developmental process (GO:BP); system development (GO:BP)
ENSG00000224189.8,0,
ENSG00000172137.19,24,regulation of biological quality (GO:BP); cell-cell signaling (GO:BP); chemical synaptic transmission (GO:BP); anterograde trans-synaptic signaling (GO:BP); synaptic signaling (GO:BP)
ENSG00000135298.14,44,multicellular organismal process (GO:BP); anatomical structure development (GO:BP); response to stimulus (GO:BP); developmental process (GO:BP); system development (GO:BP)
ENSG00000146151.14,0,
ENSG00000163687.14,13,multicellular organismal process (GO:BP); anatomical structure development (GO:BP); response to stimulus (GO:BP); developmental process (GO:BP); cell differentiation (GO:BP)
ENSG00000226087.2,0,
ENSG00000143196.5,7,biological regulation (GO:BP); extracellular matrix organization (GO:BP); extracellular structure organization (GO:BP); external encapsulating structure organization (GO:BP); cell adhesion (GO:BP)
ENSG00000179520.11,41,multicellular organismal process (GO:BP); anatomical structure development (GO:BP); developmental process (GO:BP); system development (GO:BP); multicellular organism development (GO:BP)
ENSG00000229404.6,0,
ENSG00000100665.12,0,
ENSG00000092421.17,52,multicellular organismal process (GO:BP); anatomical structure development (GO:BP); response to stimulus (GO:BP); developmental process (GO:BP); system development (GO:BP)
ENSG00000078549.15,42,multicellular organismal process (GO:BP); anatomical structure development (GO:BP); response to stimulus (GO:BP); developmental process (GO:BP); multicellular organism development (GO:BP)
ENSG00000163347.6,38,multicellular organismal process (GO:BP); anatomical structure development (GO:BP); response to stimulus (GO:BP); developmental process (GO:BP); system development (GO:BP)
ENSG00000144619.15,47,multicellular organismal process (GO:BP); anatomical structure development (GO:BP); developmental process (GO:BP); system development (GO:BP); multicellular organism development (GO:BP)
ENSG00000119121.22,12,response to stimulus (GO:BP); monoatomic ion transport (GO:BP); transmembrane transport (GO:BP); inorganic ion transmembrane transport (GO:BP); response to chemical (GO:BP)
ENSG00000167701.14,15,response to stimulus (GO:BP); cellular response to chemical stimulus (GO:BP); response to chemical (GO:BP); biological regulation (GO:BP); cellular response to endogenous stimulus (GO:BP)
ENSG00000162896.6,16,multicellular organismal process (GO:BP); response to stimulus (GO:BP); system process (GO:BP); response to chemical (GO:BP); biological regulation (GO:BP)
ENSG00000144339.12,16,anatomical structure development (GO:BP); response to stimulus (GO:BP); developmental process (GO:BP); cell differentiation (GO:BP); cellular developmental process (GO:BP)
ENSG00000154262.13,3,transmembrane transport (GO:BP); transport (GO:BP); establishment of localization (GO:BP)
ENSG00000185149.6,19,multicellular organismal process (GO:BP); anatomical structure development (GO:BP); response to stimulus (GO:BP); developmental process (GO:BP); system development (GO:BP)
ENSG00000133083.15,42,multicellular organismal process (GO:BP); anatomical structure development (GO:BP); response to stimulus (GO:BP); developmental process (GO:BP); system development (GO:BP)
ENSG00000271216.2,0,
ENSG00000172005.11,23,multicellular organismal process (GO:BP); anatomical structure development (GO:BP); response to stimulus (GO:BP); developmental process (GO:BP); system development (GO:BP)
ENSG00000117115.13,35,multicellular organismal process (GO:BP); anatomical structure development (GO:BP); response to stimulus (GO:BP); developmental process (GO:BP); system development (GO:BP)
ENSG00000168229.4,28,multicellular organismal process (GO:BP); anatomical structure development (GO:BP); response to stimulus (GO:BP); developmental process (GO:BP); multicellular organism development (GO:BP)
ENSG00000151892.15,31,multicellular organismal process (GO:BP); anatomical structure development (GO:BP); response to stimulus (GO:BP); developmental process (GO:BP); system development (GO:BP)
ENSG00000173175.15,41,multicellular organismal process (GO:BP); response to stimulus (GO:BP); behavior (GO:BP); regulation of biological quality (GO:BP); cell-cell signaling (GO:BP)
ENSG00000105894.12,66,multicellular organismal process (GO:BP); anatomical structure development (GO:BP); response to stimulus (GO:BP); developmental process (GO:BP); system development (GO:BP)
ENSG00000187715.13,0,
ENSG00000029559.7,19,multicellular organismal process (GO:BP); anatomical structure development (GO:BP); response to stimulus (GO:BP); developmental process (GO:BP); animal organ development (GO:BP)
ENSG00000166816.15,0,
ENSG00000287059.1,0,
ENSG00000141431.12,9,anatomical structure development (GO:BP); developmental process (GO:BP); animal organ development (GO:BP); biological regulation (GO:BP); anatomical structure morphogenesis (GO:BP)
ENSG00000135406.14,0,
ENSG00000104892.17,9,anatomical structure development (GO:BP); developmental process (GO:BP); cell differentiation (GO:BP); cellular developmental process (GO:BP); transport (GO:BP)
ENSG00000102409.10,9,biological regulation (GO:BP); cell migration (GO:BP); regulation of biological process (GO:BP); cell motility (GO:BP); regulation of cell migration (GO:BP)
ENSG00000151623.15,17,response to stimulus (GO:BP); cellular response to chemical stimulus (GO:BP); response to chemical (GO:BP); biological regulation (GO:BP); cell communication (GO:BP)
ENSG00000116748.21,1,ADHD and autism ASD pathways (WP)
ENSG00000211652.2,9,response to stimulus (GO:BP); Binding and Uptake of Ligands by Scavenger Receptors (REAC); Scavenging of heme from plasma (REAC); FCGR3A-mediated IL10 synthesis (REAC); Complement cascade (REAC)
ENSG00000204542.3,3,extracellular matrix organization (GO:BP); extracellular structure organization (GO:BP); external encapsulating structure organization (GO:BP)
ENSG00000113580.15,45,multicellular organismal process (GO:BP); anatomical structure development (GO:BP); response to stimulus (GO:BP); developmental process (GO:BP); system development (GO:BP)
ENSG00000243944.5,0,
ENSG00000070748.19,13,cell-cell signaling (GO:BP); chemical synaptic transmission (GO:BP); anterograde trans-synaptic signaling (GO:BP); synaptic signaling (GO:BP); trans-synaptic signaling (GO:BP)
ENSG00000171951.5,26,multicellular organismal process (GO:BP); anatomical structure development (GO:BP); response to stimulus (GO:BP); developmental process (GO:BP); system development (GO:BP)
ENSG00000242371.1,9,response to stimulus (GO:BP); Binding and Uptake of Ligands by Scavenger Receptors (REAC); Scavenging of heme from plasma (REAC); FCGR3A-mediated IL10 synthesis (REAC); Complement cascade (REAC)
ENSG00000162992.4,51,multicellular organismal process (GO:BP); anatomical structure development (GO:BP); response to stimulus (GO:BP); developmental process (GO:BP); system development (GO:BP)
ENSG00000155850.8,19,multicellular organismal process (GO:BP); anatomical structure development (GO:BP); developmental process (GO:BP); system development (GO:BP); multicellular organism development (GO:BP)
ENSG00000223812.8,0,
ENSG00000184434.8,13,multicellular organismal process (GO:BP); response to stimulus (GO:BP); biological regulation (GO:BP); cell communication (GO:BP); signaling (GO:BP)
ENSG00000104888.10,37,multicellular organismal process (GO:BP); anatomical structure development (GO:BP); developmental process (GO:BP); system development (GO:BP); multicellular organism development (GO:BP)
ENSG00000113396.13,2,transport (GO:BP); establishment of localization (GO:BP)
ENSG00000152092.16,16,multicellular organismal process (GO:BP); anatomical structure development (GO:BP); developmental process (GO:BP); system development (GO:BP); multicellular organism development (GO:BP)
ENSG00000172031.7,0,
ENSG00000149970.16,9,response to stimulus (GO:BP); biological regulation (GO:BP); cell communication (GO:BP); signaling (GO:BP); cellular response to stimulus (GO:BP)
ENSG00000137868.19,23,multicellular organismal process (GO:BP); anatomical structure development (GO:BP); response to stimulus (GO:BP); developmental process (GO:BP); system development (GO:BP)
ENSG00000158270.12,17,response to stimulus (GO:BP); cellular response to chemical stimulus (GO:BP); response to chemical (GO:BP); biological regulation (GO:BP); cell communication (GO:BP)
ENSG00000118777.12,10,multicellular organismal process (GO:BP); response to stimulus (GO:BP); cellular response to chemical stimulus (GO:BP); system process (GO:BP); transmembrane transport (GO:BP)
ENSG00000172020.13,35,multicellular organismal process (GO:BP); anatomical structure development (GO:BP); response to stimulus (GO:BP); developmental process (GO:BP); system development (GO:BP)
ENSG00000113303.12,12,multicellular organismal process (GO:BP); response to stimulus (GO:BP); biological regulation (GO:BP); cell communication (GO:BP); signaling (GO:BP)
ENSG00000168477.19,45,multicellular organismal process (GO:BP); anatomical structure development (GO:BP); response to stimulus (GO:BP); developmental process (GO:BP); system development (GO:BP)
ENSG00000170369.4,6,multicellular organismal process (GO:BP); response to stimulus (GO:BP); system process (GO:BP); response to chemical (GO:BP); Salivary secretion (KEGG)
ENSG00000174944.9,10,response to stimulus (GO:BP); biological regulation (GO:BP); cell communication (GO:BP); signaling (GO:BP); Neuroactive ligand-receptor interaction (KEGG)
ENSG00000130294.17,29,multicellular organismal process (GO:BP); anatomical structure development (GO:BP); developmental process (GO:BP); system development (GO:BP); multicellular organism development (GO:BP)
ENSG00000102683.8,8,multicellular organismal process (GO:BP); anatomical structure development (GO:BP); developmental process (GO:BP); system development (GO:BP); multicellular organism development (GO:BP)
ENSG00000197561.7,38,multicellular organismal process (GO:BP); response to stimulus (GO:BP); response to chemical (GO:BP); biological regulation (GO:BP); cell communication (GO:BP)
ENSG00000251546.1,9,response to stimulus (GO:BP); Binding and Uptake of Ligands by Scavenger Receptors (REAC); Scavenging of heme from plasma (REAC); FCGR3A-mediated IL10 synthesis (REAC); Complement cascade (REAC)
ENSG00000127083.7,1,cell adhesion (GO:BP)
ENSG00000184144.12,32,multicellular organismal process (GO:BP); anatomical structure development (GO:BP); response to stimulus (GO:BP); developmental process (GO:BP); system development (GO:BP)
ENSG00000162520.15,0,
ENSG00000048052.22,40,multicellular organismal process (GO:BP); anatomical structure development (GO:BP); response to stimulus (GO:BP); developmental process (GO:BP); system development (GO:BP)
ENSG00000174358.16,14,response to stimulus (GO:BP); monoatomic ion transport (GO:BP); transmembrane transport (GO:BP); inorganic ion transmembrane transport (GO:BP); response to chemical (GO:BP)
ENSG00000105464.3,62,multicellular organismal process (GO:BP); anatomical structure development (GO:BP); response to stimulus (GO:BP); developmental process (GO:BP); system development (GO:BP)
ENSG00000204136.11,0,
ENSG00000120149.9,37,multicellular organismal process (GO:BP); anatomical structure development (GO:BP); response to stimulus (GO:BP); developmental process (GO:BP); system development (GO:BP)
ENSG00000038295.8,10,multicellular organismal process (GO:BP); anatomical structure development (GO:BP); developmental process (GO:BP); system development (GO:BP); multicellular organism development (GO:BP)
ENSG00000164176.13,6,biological regulation (GO:BP); cell adhesion (GO:BP); positive regulation of biological process (GO:BP); regulation of biological process (GO:BP); positive regulation of cellular process (GO:BP)
ENSG00000259087.5,0,
ENSG00000204065.3,0,
ENSG00000105219.10,0,
ENSG00000144290.17,59,multicellular organismal process (GO:BP); anatomical structure development (GO:BP); response to stimulus (GO:BP); developmental process (GO:BP); system development (GO:BP)
ENSG00000162409.11,26,multicellular organismal process (GO:BP); response to stimulus (GO:BP); cellular response to chemical stimulus (GO:BP); response to chemical (GO:BP); biological regulation (GO:BP)
ENSG00000101115.13,14,multicellular organismal process (GO:BP); anatomical structure development (GO:BP); developmental process (GO:BP); system development (GO:BP); multicellular organism development (GO:BP)
ENSG00000162761.14,44,multicellular organismal process (GO:BP); anatomical structure development (GO:BP); response to stimulus (GO:BP); developmental process (GO:BP); system development (GO:BP)
ENSG00000169313.10,45,multicellular organismal process (GO:BP); anatomical structure development (GO:BP); response to stimulus (GO:BP); developmental process (GO:BP); system development (GO:BP)
ENSG00000170382.12,9,response to stimulus (GO:BP); biological regulation (GO:BP); cell communication (GO:BP); signaling (GO:BP); cell adhesion (GO:BP)
ENSG00000150625.16,42,multicellular organismal process (GO:BP); anatomical structure development (GO:BP); response to stimulus (GO:BP); developmental process (GO:BP); system development (GO:BP)
ENSG00000116176.6,0,
ENSG00000036672.16,17,multicellular organismal process (GO:BP); anatomical structure development (GO:BP); response to stimulus (GO:BP); developmental process (GO:BP); behavior (GO:BP)
ENSG00000211650.2,1,response to stimulus (GO:BP)
ENSG00000178031.17,3,extracellular matrix organization (GO:BP); extracellular structure organization (GO:BP); external encapsulating structure organization (GO:BP)
ENSG00000048462.11,12,multicellular organismal process (GO:BP); response to stimulus (GO:BP); response to chemical (GO:BP); biological regulation (GO:BP); cell communication (GO:BP)
ENSG00000095110.8,0,
ENSG00000013293.6,3,transmembrane transport (GO:BP); transport (GO:BP); establishment of localization (GO:BP)
ENSG00000287750.1,0,
ENSG00000259862.1,0,
ENSG00000187398.12,0,
ENSG00000145708.11,38,multicellular organismal process (GO:BP); response to stimulus (GO:BP); behavior (GO:BP); regulation of biological quality (GO:BP); cell-cell signaling (GO:BP)
ENSG00000197614.11,10,multicellular organismal process (GO:BP); anatomical structure development (GO:BP); developmental process (GO:BP); system development (GO:BP); multicellular organism development (GO:BP)
ENSG00000173320.12,8,multicellular organismal process (GO:BP); anatomical structure development (GO:BP); developmental process (GO:BP); multicellular organism development (GO:BP); animal organ development (GO:BP)
ENSG00000004799.8,24,multicellular organismal process (GO:BP); response to stimulus (GO:BP); cellular response to chemical stimulus (GO:BP); response to chemical (GO:BP); biological regulation (GO:BP)
ENSG00000146039.11,17,regulation of biological quality (GO:BP); monoatomic ion transport (GO:BP); transmembrane transport (GO:BP); inorganic ion transmembrane transport (GO:BP); biological regulation (GO:BP)
ENSG00000169218.14,14,response to stimulus (GO:BP); biological regulation (GO:BP); cell communication (GO:BP); signaling (GO:BP); transport (GO:BP)
ENSG00000133169.6,18,multicellular organismal process (GO:BP); anatomical structure development (GO:BP); response to stimulus (GO:BP); developmental process (GO:BP); system development (GO:BP)
ENSG00000139200.14,25,multicellular organismal process (GO:BP); anatomical structure development (GO:BP); response to stimulus (GO:BP); developmental process (GO:BP); system development (GO:BP)
ENSG00000178473.7,28,multicellular organismal process (GO:BP); response to stimulus (GO:BP); regulation of biological quality (GO:BP); cell-cell signaling (GO:BP); cellular response to chemical stimulus (GO:BP)
ENSG00000144218.19,10,multicellular organismal process (GO:BP); anatomical structure development (GO:BP); response to stimulus (GO:BP); developmental process (GO:BP); multicellular organism development (GO:BP)
ENSG00000105989.10,43,multicellular organismal process (GO:BP); anatomical structure development (GO:BP); response to stimulus (GO:BP); developmental process (GO:BP); system development (GO:BP)
ENSG00000132872.12,47,multicellular organismal process (GO:BP); anatomical structure development (GO:BP); developmental process (GO:BP); system development (GO:BP); multicellular organism development (GO:BP)
ENSG00000225698.3,1,response to stimulus (GO:BP)
ENSG00000072133.11,19,multicellular organismal process (GO:BP); anatomical structure development (GO:BP); response to stimulus (GO:BP); developmental process (GO:BP); system development (GO:BP)
ENSG00000270372.1,0,
ENSG00000065609.14,6,biological regulation (GO:BP); transport (GO:BP); regulation of biological process (GO:BP); regulation of transport (GO:BP); establishment of localization (GO:BP)
ENSG00000107295.10,36,multicellular organismal process (GO:BP); anatomical structure development (GO:BP); response to stimulus (GO:BP); developmental process (GO:BP); system development (GO:BP)
ENSG00000145287.11,13,multicellular organismal process (GO:BP); response to stimulus (GO:BP); developmental process (GO:BP); cell differentiation (GO:BP); cellular developmental process (GO:BP)
ENSG00000154645.14,33,multicellular organismal process (GO:BP); anatomical structure development (GO:BP); developmental process (GO:BP); system development (GO:BP); multicellular organism development (GO:BP)
ENSG00000214652.6,3,biological regulation (GO:BP); regulation of biological process (GO:BP); regulation of cellular process (GO:BP)
ENSG00000227243.3,0,
ENSG00000157404.16,59,multicellular organismal process (GO:BP); anatomical structure development (GO:BP); response to stimulus (GO:BP); developmental process (GO:BP); system development (GO:BP)
ENSG00000274736.5,27,response to stimulus (GO:BP); cell-cell signaling (GO:BP); cellular response to chemical stimulus (GO:BP); response to chemical (GO:BP); biological regulation (GO:BP)
ENSG00000166501.14,58,multicellular organismal process (GO:BP); anatomical structure development (GO:BP); response to stimulus (GO:BP); developmental process (GO:BP); system development (GO:BP)
ENSG00000233215.6,0,
ENSG00000175356.14,25,multicellular organismal process (GO:BP); anatomical structure development (GO:BP); response to stimulus (GO:BP); developmental process (GO:BP); system development (GO:BP)
ENSG00000118526.7,28,multicellular organismal process (GO:BP); anatomical structure development (GO:BP); response to stimulus (GO:BP); developmental process (GO:BP); system development (GO:BP)
ENSG00000240505.9,17,multicellular organismal process (GO:BP); anatomical structure development (GO:BP); response to stimulus (GO:BP); developmental process (GO:BP); cell differentiation (GO:BP)
ENSG00000166482.12,9,response to stimulus (GO:BP); biological regulation (GO:BP); extracellular matrix organization (GO:BP); extracellular structure organization (GO:BP); external encapsulating structure organization (GO:BP)
ENSG00000160801.14,30,multicellular organismal process (GO:BP); anatomical structure development (GO:BP); response to stimulus (GO:BP); developmental process (GO:BP); system development (GO:BP)
ENSG00000107159.13,12,anatomical structure development (GO:BP); response to stimulus (GO:BP); developmental process (GO:BP); response to chemical (GO:BP); anatomical structure morphogenesis (GO:BP)
ENSG00000143867.7,43,multicellular organismal process (GO:BP); anatomical structure development (GO:BP); response to stimulus (GO:BP); developmental process (GO:BP); system development (GO:BP)
ENSG00000134028.14,5,response to stimulus (GO:BP); biological regulation (GO:BP); cell adhesion (GO:BP); regulation of biological process (GO:BP); regulation of cellular process (GO:BP)
ENSG00000168903.9,12,multicellular organismal process (GO:BP); response to stimulus (GO:BP); biological regulation (GO:BP); cell communication (GO:BP); signaling (GO:BP)
ENSG00000183454.18,66,multicellular organismal process (GO:BP); anatomical structure development (GO:BP); response to stimulus (GO:BP); developmental process (GO:BP); system development (GO:BP)
ENSG00000227063.5,0,
ENSG00000214814.7,6,response to stimulus (GO:BP); biological regulation (GO:BP); positive regulation of biological process (GO:BP); regulation of biological process (GO:BP); positive regulation of cellular process (GO:BP)
ENSG00000180660.8,12,multicellular organismal process (GO:BP); anatomical structure development (GO:BP); developmental process (GO:BP); system development (GO:BP); multicellular organism development (GO:BP)
ENSG00000128040.11,6,anatomical structure development (GO:BP); developmental process (GO:BP); cell differentiation (GO:BP); cellular developmental process (GO:BP); anatomical structure morphogenesis (GO:BP)
ENSG00000243238.1,9,response to stimulus (GO:BP); Binding and Uptake of Ligands by Scavenger Receptors (REAC); Scavenging of heme from plasma (REAC); FCGR3A-mediated IL10 synthesis (REAC); Complement cascade (REAC)
ENSG00000189129.14,0,
ENSG00000064787.13,6,multicellular organismal process (GO:BP); anatomical structure development (GO:BP); developmental process (GO:BP); system development (GO:BP); multicellular organism development (GO:BP)
ENSG00000171724.3,0,
ENSG00000109339.24,10,response to stimulus (GO:BP); biological regulation (GO:BP); cell communication (GO:BP); signaling (GO:BP); cell surface receptor signaling pathway (GO:BP)
ENSG00000182050.13,0,
ENSG00000189056.14,79,multicellular organismal process (GO:BP); anatomical structure development (GO:BP); response to stimulus (GO:BP); developmental process (GO:BP); system development (GO:BP)
ENSG00000172260.15,45,multicellular organismal process (GO:BP); anatomical structure development (GO:BP); response to stimulus (GO:BP); developmental process (GO:BP); system development (GO:BP)
ENSG00000237515.9,14,regulation of biological quality (GO:BP); cell-cell signaling (GO:BP); chemical synaptic transmission (GO:BP); anterograde trans-synaptic signaling (GO:BP); synaptic signaling (GO:BP)
ENSG00000129167.9,21,multicellular organismal process (GO:BP); anatomical structure development (GO:BP); response to stimulus (GO:BP); developmental process (GO:BP); regulation of biological quality (GO:BP)
ENSG00000015592.16,18,multicellular organismal process (GO:BP); anatomical structure development (GO:BP); developmental process (GO:BP); system development (GO:BP); multicellular organism development (GO:BP)
ENSG00000223573.7,0,
ENSG00000286324.1,0,
ENSG00000110887.8,5,multicellular organismal process (GO:BP); response to stimulus (GO:BP); neutrophil mediated cytotoxicity (GO:BP); neutrophil mediated immunity (GO:BP); myeloid leukocyte mediated immunity (GO:BP)
ENSG00000166111.10,3,transmembrane transport (GO:BP); transport (GO:BP); establishment of localization (GO:BP)
ENSG00000105492.16,6,cell-cell signaling (GO:BP); biological regulation (GO:BP); cell communication (GO:BP); signaling (GO:BP); cell adhesion (GO:BP)
ENSG00000262097.2,0,
ENSG00000211660.3,9,response to stimulus (GO:BP); Binding and Uptake of Ligands by Scavenger Receptors (REAC); Scavenging of heme from plasma (REAC); FCGR3A-mediated IL10 synthesis (REAC); Complement cascade (REAC)
ENSG00000256643.1,0,
ENSG00000100626.17,0,
ENSG00000092051.17,41,multicellular organismal process (GO:BP); behavior (GO:BP); regulation of biological quality (GO:BP); cell-cell signaling (GO:BP); chemical synaptic transmission (GO:BP)
ENSG00000244116.3,9,response to stimulus (GO:BP); Binding and Uptake of Ligands by Scavenger Receptors (REAC); Scavenging of heme from plasma (REAC); FCGR3A-mediated IL10 synthesis (REAC); Complement cascade (REAC)
ENSG00000151079.7,15,regulation of biological quality (GO:BP); monoatomic ion transport (GO:BP); transmembrane transport (GO:BP); inorganic ion transmembrane transport (GO:BP); biological regulation (GO:BP)
ENSG00000185760.17,11,monoatomic ion transport (GO:BP); transmembrane transport (GO:BP); inorganic ion transmembrane transport (GO:BP); transport (GO:BP); monoatomic ion transmembrane transport (GO:BP)
ENSG00000149575.9,38,multicellular organismal process (GO:BP); anatomical structure development (GO:BP); response to stimulus (GO:BP); developmental process (GO:BP); system development (GO:BP)
ENSG00000067840.12,0,
ENSG00000138678.11,8,response to stimulus (GO:BP); biological regulation (GO:BP); cell communication (GO:BP); signaling (GO:BP); cellular response to stimulus (GO:BP)
ENSG00000168824.14,27,response to stimulus (GO:BP); regulation of biological quality (GO:BP); cell-cell signaling (GO:BP); cellular response to chemical stimulus (GO:BP); chemical synaptic transmission (GO:BP)
ENSG00000165197.5,37,multicellular organismal process (GO:BP); anatomical structure development (GO:BP); response to stimulus (GO:BP); developmental process (GO:BP); system development (GO:BP)
ENSG00000135374.11,6,developmental process (GO:BP); cell differentiation (GO:BP); cellular developmental process (GO:BP); biological regulation (GO:BP); regulation of biological process (GO:BP)
ENSG00000128482.16,25,multicellular organismal process (GO:BP); anatomical structure development (GO:BP); response to stimulus (GO:BP); developmental process (GO:BP); system development (GO:BP)
ENSG00000177098.9,30,multicellular organismal process (GO:BP); regulation of biological quality (GO:BP); cell-cell signaling (GO:BP); monoatomic ion transport (GO:BP); system process (GO:BP)
ENSG00000230234.1,0,
ENSG00000162374.18,46,multicellular organismal process (GO:BP); anatomical structure development (GO:BP); response to stimulus (GO:BP); developmental process (GO:BP); system development (GO:BP)
ENSG00000244575.3,1,response to stimulus (GO:BP)
ENSG00000138669.9,34,multicellular organismal process (GO:BP); anatomical structure development (GO:BP); response to stimulus (GO:BP); developmental process (GO:BP); system development (GO:BP)
ENSG00000108823.16,9,multicellular organismal process (GO:BP); anatomical structure development (GO:BP); response to stimulus (GO:BP); developmental process (GO:BP); animal organ development (GO:BP)
ENSG00000255085.8,0,
ENSG00000114455.13,14,multicellular organismal process (GO:BP); response to stimulus (GO:BP); biological regulation (GO:BP); cell communication (GO:BP); signaling (GO:BP)
ENSG00000130055.14,12,multicellular organismal process (GO:BP); developmental process (GO:BP); cell differentiation (GO:BP); cellular developmental process (GO:BP); biological regulation (GO:BP)
ENSG00000211668.2,9,response to stimulus (GO:BP); Binding and Uptake of Ligands by Scavenger Receptors (REAC); Scavenging of heme from plasma (REAC); FCGR3A-mediated IL10 synthesis (REAC); Complement cascade (REAC)
ENSG00000111700.13,9,response to stimulus (GO:BP); cellular response to chemical stimulus (GO:BP); monoatomic ion transport (GO:BP); transmembrane transport (GO:BP); response to chemical (GO:BP)
ENSG00000132915.11,16,multicellular organismal process (GO:BP); anatomical structure development (GO:BP); response to stimulus (GO:BP); developmental process (GO:BP); system development (GO:BP)
ENSG00000205221.12,16,multicellular organismal process (GO:BP); anatomical structure development (GO:BP); developmental process (GO:BP); system development (GO:BP); multicellular organism development (GO:BP)
ENSG00000253549.6,0,
ENSG00000134827.8,11,monoatomic ion transport (GO:BP); transmembrane transport (GO:BP); inorganic ion transmembrane transport (GO:BP); ADHD and autism ASD pathways (WP); transport (GO:BP)
ENSG00000172348.15,8,response to stimulus (GO:BP); biological regulation (GO:BP); cell communication (GO:BP); signaling (GO:BP); cellular response to stimulus (GO:BP)
ENSG00000105696.9,8,multicellular organismal process (GO:BP); anatomical structure development (GO:BP); developmental process (GO:BP); system development (GO:BP); multicellular organism development (GO:BP)
ENSG00000257588.1,0,
ENSG00000125355.16,1,response to stimulus (GO:BP)
ENSG00000211637.2,1,response to stimulus (GO:BP)
ENSG00000188641.14,0,
ENSG00000171303.7,29,anatomical structure development (GO:BP); response to stimulus (GO:BP); developmental process (GO:BP); regulation of biological quality (GO:BP); cell-cell signaling (GO:BP)
ENSG00000181234.9,0,
ENSG00000256298.1,0,
ENSG00000140297.13,9,multicellular organismal process (GO:BP); anatomical structure development (GO:BP); developmental process (GO:BP); system development (GO:BP); multicellular organism development (GO:BP)
ENSG00000110975.8,19,multicellular organismal process (GO:BP); cell-cell signaling (GO:BP); chemical synaptic transmission (GO:BP); anterograde trans-synaptic signaling (GO:BP); synaptic signaling (GO:BP)
ENSG00000168032.10,0,
ENSG00000184564.11,41,multicellular organismal process (GO:BP); anatomical structure development (GO:BP); response to stimulus (GO:BP); developmental process (GO:BP); system development (GO:BP)
ENSG00000166825.15,8,multicellular organismal process (GO:BP); anatomical structure development (GO:BP); developmental process (GO:BP); system development (GO:BP); multicellular organism development (GO:BP)
ENSG00000164128.7,25,multicellular organismal process (GO:BP); anatomical structure development (GO:BP); response to stimulus (GO:BP); developmental process (GO:BP); system development (GO:BP)
ENSG00000249167.2,0,
ENSG00000154258.17,3,transmembrane transport (GO:BP); transport (GO:BP); establishment of localization (GO:BP)
ENSG00000249306.6,0,
ENSG00000203685.10,0,
ENSG00000083782.8,9,multicellular organismal process (GO:BP); anatomical structure development (GO:BP); developmental process (GO:BP); system development (GO:BP); multicellular organism development (GO:BP)
ENSG00000254560.6,0,
ENSG00000204424.10,0,
ENSG00000211941.3,9,response to stimulus (GO:BP); Binding and Uptake of Ligands by Scavenger Receptors (REAC); Scavenging of heme from plasma (REAC); FCGR3A-mediated IL10 synthesis (REAC); Complement cascade (REAC)
ENSG00000145506.14,13,response to stimulus (GO:BP); biological regulation (GO:BP); cell communication (GO:BP); signaling (GO:BP); transport (GO:BP)
ENSG00000118729.12,38,multicellular organismal process (GO:BP); response to stimulus (GO:BP); regulation of biological quality (GO:BP); cell-cell signaling (GO:BP); cellular response to chemical stimulus (GO:BP)
ENSG00000101098.13,21,regulation of biological quality (GO:BP); cell-cell signaling (GO:BP); chemical synaptic transmission (GO:BP); anterograde trans-synaptic signaling (GO:BP); synaptic signaling (GO:BP)
ENSG00000178776.5,0,
ENSG00000171916.17,8,multicellular organismal process (GO:BP); biological regulation (GO:BP); cell adhesion (GO:BP); positive regulation of biological process (GO:BP); regulation of biological process (GO:BP)
ENSG00000103544.15,2,transport (GO:BP); establishment of localization (GO:BP)
ENSG00000134240.12,20,multicellular organismal process (GO:BP); anatomical structure development (GO:BP); response to stimulus (GO:BP); developmental process (GO:BP); system development (GO:BP)
